{
  "metadata": {
    "backend": "JAX-MD (OPLSAA, gpu)",
    "optimizer": "Nelder-Mead",
    "molecule": "CH3F",
    "timestamp": "2026-03-27T04:50:10.465662+00:00",
    "source": "q2mm",
    "optimizer_kwargs": {}
  },
  "qm_reference": {
    "frequencies_cm1": [
      1040.5813860717833,
      1191.7481438159166,
      1191.7596032972854,
      1495.2543826262465,
      1512.3024847909746,
      1512.3904361886512,
      3057.9919349402667,
      3145.0662046070593,
      3145.08792677519
    ],
    "level_of_theory": "B3LYP/6-31+G(d)"
  },
  "default_ff": {
    "frequencies_cm1": [
      104.81024896825569,
      104.81060268135899,
      110.03734232289696,
      162.9582647194204,
      165.58668641049243,
      165.58679369565286,
      346.9676002677185,
      361.55291610291033,
      361.55297875783685
    ],
    "rmsd": 1870.0988181074129,
    "mae": 1712.0354521318702,
    "param_values": [
      5.0,
      1.398635372383775,
      5.0,
      1.0940396626494566,
      0.5,
      108.43609414745065,
      0.5,
      110.48621469688054
    ]
  },
  "seminario": {
    "frequencies_cm1": [
      851.0537821819511,
      1141.637647998117,
      1141.6417784251728,
      1658.0257070313587,
      1733.2637672364867,
      1733.2645936902577,
      2896.707051931889,
      3021.8183227411428,
      3021.8188029907406
    ],
    "rmsd": 156.85998264123953,
    "mae": 144.68495306563545,
    "elapsed_s": 0.00098779599647969,
    "param_values": [
      270.60918930118333,
      1.398635372383775,
      348.31336238406834,
      1.0940396626494566,
      59.62010839172108,
      108.43609414745065,
      54.65975104094709,
      110.48621469688054
    ]
  },
  "optimized": {
    "frequencies_cm1": [
      321.73432352708306,
      321.7349711237438,
      705.8968465657705,
      1040.5813860299472,
      1191.7534377949119,
      1191.7543090185384,
      1495.254382590102,
      1512.346204082232,
      1512.3467167651281,
      3057.9919343833267,
      3145.076913169247,
      3145.0772190561697
    ],
    "rmsd": 1037.9349426347965,
    "mae": 888.7533250684352,
    "elapsed_s": 4.996945618011523,
    "n_eval": 1216,
    "converged": true,
    "initial_score": 0.22144548738788924,
    "final_score": 4.108148573314076e-09,
    "message": "Optimization terminated successfully.",
    "param_names": [
      "kb_C-F",
      "r0_C-F",
      "kb_C-H",
      "r0_C-H",
      "ka_F-C-H",
      "th0_F-C-H",
      "ka_H-C-H",
      "th0_H-C-H"
    ],
    "param_initial": [
      270.60918930118333,
      1.398635372383775,
      348.31336238406834,
      1.0940396626494566,
      59.62010839172108,
      108.43609414745065,
      54.65975104094709,
      110.48621469688054
    ],
    "param_final": [
      450.0643934007401,
      1.2053927126984951,
      376.36573361940077,
      1.0648885889971147,
      49.43744790302948,
      154.1269891098568,
      29.847494557840484,
      108.44139665578737
    ]
  },
  "pes_distortion": {
    "modes": [
      {
        "mode_idx": 6,
        "freq_cm1": 1040.5813769340564,
        "displacements": [
          {
            "d_ang": 0.05,
            "e_qm": 0.9757026106066686,
            "e_mm": -10.206430061224111,
            "pct_err": -1146.059521648507
          },
          {
            "d_ang": 0.1,
            "e_qm": 3.9028104424266745,
            "e_mm": -17.893860026035384,
            "pct_err": -558.4865263122902
          },
          {
            "d_ang": 0.15,
            "e_qm": 8.781323495460015,
            "e_mm": -23.05983772049646,
            "pct_err": -362.6009363214839
          }
        ]
      },
      {
        "mode_idx": 7,
        "freq_cm1": 1191.7481351074805,
        "displacements": [
          {
            "d_ang": 0.05,
            "e_qm": 0.18702246320476434,
            "e_mm": 0.1969864907452319,
            "pct_err": 5.327716986359164
          },
          {
            "d_ang": 0.1,
            "e_qm": 0.7480898528190574,
            "e_mm": 0.790125018660234,
            "pct_err": 5.618999600485662
          },
          {
            "d_ang": 0.15,
            "e_qm": 1.6832021688428787,
            "e_mm": 1.785921982719529,
            "pct_err": 6.102642675850714
          }
        ]
      },
      {
        "mode_idx": 8,
        "freq_cm1": 1191.759593455982,
        "displacements": [
          {
            "d_ang": 0.05,
            "e_qm": 0.1870142606746535,
            "e_mm": 0.1977675667120451,
            "pct_err": 5.749992539926678
          },
          {
            "d_ang": 0.1,
            "e_qm": 0.748057042698614,
            "e_mm": 0.7826778931544851,
            "pct_err": 4.628103002810658
          },
          {
            "d_ang": 0.15,
            "e_qm": 1.6831283460718816,
            "e_mm": 1.752478509512187,
            "pct_err": 4.12031343908837
          }
        ]
      },
      {
        "mode_idx": 9,
        "freq_cm1": 1495.2543711438677,
        "displacements": [
          {
            "d_ang": 0.05,
            "e_qm": 0.2690756589081752,
            "e_mm": -7.893257315082437,
            "pct_err": -3033.471331859152
          },
          {
            "d_ang": 0.1,
            "e_qm": 1.0763026356327008,
            "e_mm": -15.214653370543886,
            "pct_err": -1513.6036526195073
          },
          {
            "d_ang": 0.15,
            "e_qm": 2.4216809301735767,
            "e_mm": -21.910293473411272,
            "pct_err": -1004.755585280214
          }
        ]
      },
      {
        "mode_idx": 10,
        "freq_cm1": 1512.3024772927852,
        "displacements": [
          {
            "d_ang": 0.05,
            "e_qm": 0.2555131513394454,
            "e_mm": 0.256899260772272,
            "pct_err": 0.5424806611950674
          },
          {
            "d_ang": 0.1,
            "e_qm": 1.0220526053577816,
            "e_mm": 1.028464331349781,
            "pct_err": 0.6273381583675774
          },
          {
            "d_ang": 0.15,
            "e_qm": 2.299618362055009,
            "e_mm": 2.3172882666392525,
            "pct_err": 0.7683842186950232
          }
        ]
      },
      {
        "mode_idx": 11,
        "freq_cm1": 1512.3904243106,
        "displacements": [
          {
            "d_ang": 0.05,
            "e_qm": 0.2555515068548282,
            "e_mm": 0.23611301150295105,
            "pct_err": -7.606488254017463
          },
          {
            "d_ang": 0.1,
            "e_qm": 1.0222060274193128,
            "e_mm": 0.9772987775386497,
            "pct_err": -4.393170131664852
          },
          {
            "d_ang": 0.15,
            "e_qm": 2.299963561693454,
            "e_mm": 2.2165140126276555,
            "pct_err": -3.6282987459312146
          }
        ]
      },
      {
        "mode_idx": 12,
        "freq_cm1": 3057.991909877029,
        "displacements": [
          {
            "d_ang": 0.05,
            "e_qm": 1.0166443999175416,
            "e_mm": -0.311670323864476,
            "pct_err": -130.65676886527433
          },
          {
            "d_ang": 0.1,
            "e_qm": 4.0665775996701665,
            "e_mm": 1.3601661400052905,
            "pct_err": -66.5525590827134
          },
          {
            "d_ang": 0.15,
            "e_qm": 9.149799599257873,
            "e_mm": 5.016829417216314,
            "pct_err": -45.1700623298545
          }
        ]
      },
      {
        "mode_idx": 13,
        "freq_cm1": 3145.066178768555,
        "displacements": [
          {
            "d_ang": 0.05,
            "e_qm": 1.162813298760443,
            "e_mm": 1.147796394249653,
            "pct_err": -1.291428686513816
          },
          {
            "d_ang": 0.1,
            "e_qm": 4.651253195041772,
            "e_mm": 4.590994319881901,
            "pct_err": -1.295540634599441
          },
          {
            "d_ang": 0.15,
            "e_qm": 10.465319688843982,