{
  "metadata": {
    "backend": "JAX-MD (OPLSAA, gpu)",
    "optimizer": "L-BFGS-B",
    "molecule": "CH3F",
    "timestamp": "2026-03-27T04:49:39.209335+00:00",
    "source": "q2mm",
    "optimizer_kwargs": {}
  },
  "qm_reference": {
    "frequencies_cm1": [
      1040.5813860717833,
      1191.7481438159166,
      1191.7596032972854,
      1495.2543826262465,
      1512.3024847909746,
      1512.3904361886512,
      3057.9919349402667,
      3145.0662046070593,
      3145.08792677519
    ],
    "level_of_theory": "B3LYP/6-31+G(d)"
  },
  "default_ff": {
    "frequencies_cm1": [
      104.81024896825562,
      104.81060268135907,
      110.03734232289727,
      162.95826471942027,
      165.5866864104925,
      165.58679369565283,
      346.96760026771847,
      361.55291610291044,
      361.55297875783697
    ],
    "rmsd": 1870.0988181074129,
    "mae": 1712.0354521318702,
    "param_values": [
      5.0,
      1.398635372383775,
      5.0,
      1.0940396626494566,
      0.5,
      108.43609414745065,
      0.5,
      110.48621469688054
    ]
  },
  "seminario": {
    "frequencies_cm1": [
      851.0537821819511,
      1141.637647998117,
      1141.6417784251728,
      1658.0257070313587,
      1733.2637672364867,
      1733.2645936902577,
      2896.707051931889,
      3021.8183227411428,
      3021.8188029907406
    ],
    "rmsd": 156.85998264123953,
    "mae": 144.68495306563545,
    "elapsed_s": 0.0009960769675672054,
    "param_values": [
      270.60918930118333,
      1.398635372383775,
      348.31336238406834,
      1.0940396626494566,
      59.62010839172108,
      108.43609414745065,
      54.65975104094709,
      110.48621469688054
    ]
  },
  "optimized": {
    "frequencies_cm1": [
      556.1234133230561,
      556.1239741777955,
      849.8339707146041,
      1191.156564398869,
      1191.160563260818,
      1479.7161393729284,
      1479.7163888219318,
      1575.9634224723447,
      2921.8548716868313,
      3054.1284852846165,
      3054.1290820544027
    ],
    "rmsd": 813.4409911231198,
    "mae": 610.0592438760217,
    "elapsed_s": 2.969007898995187,
    "n_eval": 523,
    "converged": true,
    "initial_score": 0.2214454873878897,
    "final_score": 0.07680658073932331,
    "message": "CONVERGENCE: RELATIVE REDUCTION OF F <= FACTR*EPSMCH",
    "param_names": [
      "kb_C-F",
      "r0_C-F",
      "kb_C-H",
      "r0_C-H",
      "ka_F-C-H",
      "th0_F-C-H",
      "ka_H-C-H",
      "th0_H-C-H"
    ],
    "param_initial": [
      270.60918930118333,
      1.398635372383775,
      348.31336238406834,
      1.0940396626494566,
      59.62010839172108,
      108.43609414745065,
      54.65975104094709,
      110.48621469688054
    ],
    "param_final": [
      272.03455556172634,
      0.5,
      354.6530210189816,
      1.1209927433169726,
      66.03523489507168,
      109.26764156684895,
      42.593129979724985,
      112.71775551365833
    ]
  },
  "pes_distortion": {
    "modes": [
      {
        "mode_idx": 6,
        "freq_cm1": 1040.5813769340564,
        "displacements": [
          {
            "d_ang": 0.05,
            "e_qm": 0.9757026106066686,
            "e_mm": -24.78241224326709,
            "pct_err": -2639.955512454556
          },
          {
            "d_ang": 0.1,
            "e_qm": 3.9028104424266745,
            "e_mm": -48.01502850093411,
            "pct_err": -1330.26801350566
          },
          {
            "d_ang": 0.15,
            "e_qm": 8.781323495460015,
            "e_mm": -69.69567458823613,
            "pct_err": -893.6807546637943
          }
        ]
      },
      {
        "mode_idx": 7,
        "freq_cm1": 1191.7481351074805,
        "displacements": [
          {
            "d_ang": 0.05,
            "e_qm": 0.18702246320476434,
            "e_mm": 0.17930082432297922,
            "pct_err": -4.128722694305961
          },
          {
            "d_ang": 0.1,
            "e_qm": 0.7480898528190574,
            "e_mm": 0.7190490205645119,
            "pct_err": -3.8819978836913385
          },
          {
            "d_ang": 0.15,
            "e_qm": 1.6832021688428787,
            "e_mm": 1.6247557631572533,
            "pct_err": -3.472334266643943
          }
        ]
      },
      {
        "mode_idx": 8,
        "freq_cm1": 1191.759593455982,
        "displacements": [
          {
            "d_ang": 0.05,
            "e_qm": 0.1870142606746535,
            "e_mm": 0.17918409382653522,
            "pct_err": -4.186935702053395
          },
          {
            "d_ang": 0.1,
            "e_qm": 0.748057042698614,
            "e_mm": 0.7093887655133813,
            "pct_err": -5.169161571654613
          },
          {
            "d_ang": 0.15,
            "e_qm": 1.6831283460718816,
            "e_mm": 1.5868801298059054,
            "pct_err": -5.71841217519758
          }
        ]
      },
      {
        "mode_idx": 9,
        "freq_cm1": 1495.2543711438677,
        "displacements": [
          {
            "d_ang": 0.05,
            "e_qm": 0.2690756589081752,
            "e_mm": -1.7150715606196911,
            "pct_err": -737.3937975582461
          },
          {
            "d_ang": 0.1,
            "e_qm": 1.0763026356327008,
            "e_mm": -2.8113497661040583,
            "pct_err": -361.2043929866822
          },
          {
            "d_ang": 0.15,
            "e_qm": 2.4216809301735767,
            "e_mm": -3.2413272699078846,
            "pct_err": -233.84617393322574
          }
        ]
      },
      {
        "mode_idx": 10,
        "freq_cm1": 1512.3024772927852,
        "displacements": [
          {
            "d_ang": 0.05,
            "e_qm": 0.2555131513394454,
            "e_mm": 0.24587294191979936,
            "pct_err": -3.772881892423289
          },
          {
            "d_ang": 0.1,
            "e_qm": 1.0220526053577816,
            "e_mm": 0.9839076033073866,
            "pct_err": -3.7321955690374615
          },
          {
            "d_ang": 0.15,
            "e_qm": 2.299618362055009,
            "e_mm": 2.2153479438100305,
            "pct_err": -3.6645392833649004
          }
        ]
      },
      {
        "mode_idx": 11,
        "freq_cm1": 1512.3904243106,
        "displacements": [
          {
            "d_ang": 0.05,
            "e_qm": 0.2555515068548282,
            "e_mm": 0.23978571301029206,
            "pct_err": -6.1693214172641335
          },
          {
            "d_ang": 0.1,
            "e_qm": 1.0222060274193128,
            "e_mm": 0.963130690923748,
            "pct_err": -5.779200563384255
          },
          {
            "d_ang": 0.15,
            "e_qm": 2.299963561693454,
            "e_mm": 2.162561478320697,
            "pct_err": -5.974098270999926
          }
        ]
      },
      {
        "mode_idx": 12,
        "freq_cm1": 3057.991909877029,
        "displacements": [
          {
            "d_ang": 0.05,
            "e_qm": 1.0166443999175416,
            "e_mm": 3.5401418464591075,
            "pct_err": 248.2183000020698
          },
          {
            "d_ang": 0.1,
            "e_qm": 4.0665775996701665,
            "e_mm": 8.931276339805578,
            "pct_err": 119.62635953461158
          },
          {
            "d_ang": 0.15,
            "e_qm": 9.149799599257873,
            "e_mm": 16.173192265452087,
            "pct_err": 76.76007097208851
          }
        ]
      },
      {
        "mode_idx": 13,
        "freq_cm1": 3145.066178768555,
        "displacements": [
          {
            "d_ang": 0.05,
            "e_qm": 1.162813298760443,
            "e_mm": 1.0934446121644328,
            "pct_err": -5.965591094456612
          },
          {
            "d_ang": 0.1,
            "e_qm": 4.651253195041772,
            "e_mm": 4.373757039298425,
            "pct_err": -5.966051386735017
          },
          {
            "d_ang": 0.15,
            "e_qm": 10.465319688843982,
            "e_mm": 9.8408732169639,