{
  "metadata": {
    "backend": "JAX (harmonic, gpu)",
    "optimizer": "Nelder-Mead",
    "molecule": "CH3F",
    "timestamp": "2026-03-27T04:49:14.096768+00:00",
    "source": "q2mm",
    "optimizer_kwargs": {}
  },
  "qm_reference": {
    "frequencies_cm1": [
      1040.5813860717833,
      1191.7481438159166,
      1191.7596032972854,
      1495.2543826262465,
      1512.3024847909746,
      1512.3904361886512,
      3057.9919349402667,
      3145.0662046070593,
      3145.08792677519
    ],
    "level_of_theory": "B3LYP/6-31+G(d)"
  },
  "default_ff": {
    "frequencies_cm1": [
      104.81024896825615,
      104.81060268135872,
      110.03734232289682,
      162.95826471942047,
      165.58668641049215,
      165.58679369565328,
      346.9676002677185,
      361.55291610291056,
      361.55297875783697
    ],
    "rmsd": 1870.0988181074129,
    "mae": 1712.0354521318702,
    "param_values": [
      5.0,
      1.398635372383775,
      5.0,
      1.0940396626494566,
      0.5,
      108.43609414745065,
      0.5,
      110.48621469688054
    ]
  },
  "seminario": {
    "frequencies_cm1": [
      851.0537821819526,
      1141.637647998119,
      1141.6417784251753,
      1658.02570703136,
      1733.2637672364845,
      1733.26459369026,
      2896.7070519318886,
      3021.8183227411423,
      3021.8188029907406
    ],
    "rmsd": 156.8599826412394,
    "mae": 144.68495306563503,
    "elapsed_s": 0.000946622050832957,
    "param_values": [
      270.60918930118333,
      1.398635372383775,
      348.31336238406834,
      1.0940396626494566,
      59.62010839172108,
      108.43609414745065,
      54.65975104094709,
      110.48621469688054
    ]
  },
  "optimized": {
    "frequencies_cm1": [
      321.7343228225912,
      321.7349704192443,
      705.8968453656438,
      1040.5813860485491,
      1191.7534379315348,
      1191.754309155174,
      1495.254382550796,
      1512.346204000052,
      1512.3467166829544,
      3057.9919341802497,
      3145.0769132259416,
      3145.077219112865
    ],
    "rmsd": 1037.9349428420614,
    "mae": 888.753325348537,
    "elapsed_s": 4.198388963006437,
    "n_eval": 1193,
    "converged": true,
    "initial_score": 0.22144548738788897,
    "final_score": 4.108148572764301e-09,
    "message": "Optimization terminated successfully.",
    "param_names": [
      "kb_C-F",
      "r0_C-F",
      "kb_C-H",
      "r0_C-H",
      "ka_F-C-H",
      "th0_F-C-H",
      "ka_H-C-H",
      "th0_H-C-H"
    ],
    "param_initial": [
      270.60918930118333,
      1.398635372383775,
      348.31336238406834,
      1.0940396626494566,
      59.62010839172108,
      108.43609414745065,
      54.65975104094709,
      110.48621469688054
    ],
    "param_final": [
      450.064393525994,
      1.2053927142014578,
      376.36573366200565,
      1.0648885890261193,
      49.4374479391122,
      154.12698872346897,
      29.847494627691155,
      108.44139650793238
    ]
  },
  "pes_distortion": {
    "modes": [
      {
        "mode_idx": 6,
        "freq_cm1": 1040.5813769340564,
        "displacements": [
          {
            "d_ang": 0.05,
            "e_qm": 0.9757026106066686,
            "e_mm": -10.20642997893998,
            "pct_err": -1146.0595132151861
          },
          {
            "d_ang": 0.1,
            "e_qm": 3.9028104424266745,
            "e_mm": -17.893859860871103,
            "pct_err": -558.4865220803582
          },
          {
            "d_ang": 0.15,
            "e_qm": 8.781323495460015,
            "e_mm": -23.059837471852816,
            "pct_err": -362.6009334899786
          }
        ]
      },
      {
        "mode_idx": 7,
        "freq_cm1": 1191.7481351074805,
        "displacements": [
          {
            "d_ang": 0.05,
            "e_qm": 0.18702246320476434,
            "e_mm": 0.19698649051643713,
            "pct_err": 5.327716864023719
          },
          {
            "d_ang": 0.1,
            "e_qm": 0.7480898528190574,
            "e_mm": 0.7901250177447849,
            "pct_err": 5.618999478114126
          },
          {
            "d_ang": 0.15,
            "e_qm": 1.6832021688428787,
            "e_mm": 1.785921980663332,
            "pct_err": 6.102642553690879
          }
        ]
      },
      {
        "mode_idx": 8,
        "freq_cm1": 1191.759593455982,
        "displacements": [
          {
            "d_ang": 0.05,
            "e_qm": 0.1870142606746535,
            "e_mm": 0.19776756647019056,
            "pct_err": 5.749992410602564
          },
          {
            "d_ang": 0.1,
            "e_qm": 0.748057042698614,
            "e_mm": 0.7826778922203488,
            "pct_err": 4.628102877935645
          },
          {
            "d_ang": 0.15,
            "e_qm": 1.6831283460718816,
            "e_mm": 1.7524785074456872,
            "pct_err": 4.12031331631105
          }
        ]
      },
      {
        "mode_idx": 9,
        "freq_cm1": 1495.2543711438677,
        "displacements": [
          {
            "d_ang": 0.05,
            "e_qm": 0.2690756589081752,
            "e_mm": -7.8932572676906005,
            "pct_err": -3033.471314246323
          },
          {
            "d_ang": 0.1,
            "e_qm": 1.0763026356327008,
            "e_mm": -15.214653276227224,
            "pct_err": -1513.603643856483
          },
          {
            "d_ang": 0.15,
            "e_qm": 2.4216809301735767,
            "e_mm": -21.910293332566383,
            "pct_err": -1004.755579464217
          }
        ]
      },
      {
        "mode_idx": 10,
        "freq_cm1": 1512.3024772927852,
        "displacements": [
          {
            "d_ang": 0.05,
            "e_qm": 0.2555131513394454,
            "e_mm": 0.25689926091608584,
            "pct_err": 0.5424807174793913
          },
          {
            "d_ang": 0.1,
            "e_qm": 1.0220526053577816,
            "e_mm": 1.028464331922649,
            "pct_err": 0.6273382144183102
          },
          {
            "d_ang": 0.15,
            "e_qm": 2.299618362055009,
            "e_mm": 2.3172882679210147,
            "pct_err": 0.7683842744330652
          }
        ]
      },
      {
        "mode_idx": 11,
        "freq_cm1": 1512.3904243106,
        "displacements": [
          {
            "d_ang": 0.05,
            "e_qm": 0.2555515068548282,
            "e_mm": 0.23611301176008226,
            "pct_err": -7.60648815339931
          },
          {
            "d_ang": 0.1,
            "e_qm": 1.0222060274193128,
            "e_mm": 0.9772987783446041,
            "pct_err": -4.393170052820237
          },
          {
            "d_ang": 0.15,
            "e_qm": 2.299963561693454,
            "e_mm": 2.2165140142728745,
            "pct_err": -3.6282986743988173
          }
        ]
      },
      {
        "mode_idx": 12,
        "freq_cm1": 3057.991909877029,
        "displacements": [
          {
            "d_ang": 0.05,
            "e_qm": 1.0166443999175416,
            "e_mm": -0.311670326298767,
            "pct_err": -130.65676910471805
          },
          {
            "d_ang": 0.1,
            "e_qm": 4.0665775996701665,
            "e_mm": 1.360166135256037,
            "pct_err": -66.55255919950088
          },
          {
            "d_ang": 0.15,
            "e_qm": 9.149799599257873,
            "e_mm": 5.016829410264876,
            "pct_err": -45.17006240582817
          }
        ]
      },
      {
        "mode_idx": 13,
        "freq_cm1": 3145.066178768555,
        "displacements": [
          {
            "d_ang": 0.05,
            "e_qm": 1.162813298760443,
            "e_mm": 1.1477963944159626,
            "pct_err": -1.2914286722114656
          },
          {
            "d_ang": 0.1,
            "e_qm": 4.651253195041772,
            "e_mm": 4.59099432054515,
            "pct_err": -1.2955406203398643
          },
          {
            "d_ang": 0.15,
            "e_qm": 10.465319688843982,