{
  "metadata": {
    "backend": "JAX (harmonic, gpu)",
    "optimizer": "Powell",
    "molecule": "CH3F",
    "timestamp": "2026-03-27T04:49:24.623683+00:00",
    "source": "q2mm",
    "optimizer_kwargs": {}
  },
  "qm_reference": {
    "frequencies_cm1": [
      1040.5813860717833,
      1191.7481438159166,
      1191.7596032972854,
      1495.2543826262465,
      1512.3024847909746,
      1512.3904361886512,
      3057.9919349402667,
      3145.0662046070593,
      3145.08792677519
    ],
    "level_of_theory": "B3LYP/6-31+G(d)"
  },
  "default_ff": {
    "frequencies_cm1": [
      104.81024896825615,
      104.81060268135872,
      110.03734232289682,
      162.95826471942047,
      165.58668641049215,
      165.58679369565328,
      346.9676002677185,
      361.55291610291056,
      361.55297875783697
    ],
    "rmsd": 1870.0988181074129,
    "mae": 1712.0354521318702,
    "param_values": [
      5.0,
      1.398635372383775,
      5.0,
      1.0940396626494566,
      0.5,
      108.43609414745065,
      0.5,
      110.48621469688054
    ]
  },
  "seminario": {
    "frequencies_cm1": [
      851.053782181953,
      1141.637647998119,
      1141.6417784251744,
      1658.0257070313596,
      1733.2637672364851,
      1733.2645936902607,
      2896.707051931889,
      3021.8183227411414,
      3021.8188029907406
    ],
    "rmsd": 156.85998264123958,
    "mae": 144.68495306563523,
    "elapsed_s": 0.0009321009856648743,
    "param_values": [
      270.60918930118333,
      1.398635372383775,
      348.31336238406834,
      1.0940396626494566,
      59.62010839172108,
      108.43609414745065,
      54.65975104094709,
      110.48621469688054
    ]
  },
  "optimized": {
    "frequencies_cm1": [
      1040.5813868010487,
      1191.7526903958951,
      1191.755056118735,
      1495.2543820593708,
      1512.3461998168225,
      1512.3467210902277,
      3057.9919350460627,
      3145.0769300724796,
      3145.0771997152683
    ],
    "rmsd": 0.021326735858075613,
    "mae": 0.013108645564418313,
    "elapsed_s": 8.275670029979665,
    "n_eval": 2544,
    "converged": true,
    "initial_score": 0.2214454873878894,
    "final_score": 4.093466961149444e-09,
    "message": "Optimization terminated successfully.",
    "param_names": [
      "kb_C-F",
      "r0_C-F",
      "kb_C-H",
      "r0_C-H",
      "ka_F-C-H",
      "th0_F-C-H",
      "ka_H-C-H",
      "th0_H-C-H"
    ],
    "param_initial": [
      270.60918930118333,
      1.398635372383775,
      348.31336238406834,
      1.0940396626494566,
      59.62010839172108,
      108.43609414745065,
      54.65975104094709,
      110.48621469688054
    ],
    "param_final": [
      450.07983390959714,
      1.2058676804895565,
      376.38260600366556,
      1.1354344671798966,
      71.27919413624207,
      138.90284857245388,
      41.342231142538544,
      106.8729805398383
    ]
  },
  "pes_distortion": {
    "modes": [
      {
        "mode_idx": 6,
        "freq_cm1": 1040.5813769340564,
        "displacements": [
          {
            "d_ang": 0.05,
            "e_qm": 0.9757026106066686,
            "e_mm": -10.405817919690264,
            "pct_err": -1166.4948321927905
          },
          {
            "d_ang": 0.1,
            "e_qm": 3.9028104424266745,
            "e_mm": -18.29212685411285,
            "pct_err": -568.6911425485282
          },
          {
            "d_ang": 0.15,
            "e_qm": 8.781323495460015,
            "e_mm": -23.656056063596033,
            "pct_err": -369.39055457672555
          }
        ]
      },
      {
        "mode_idx": 7,
        "freq_cm1": 1191.7481351074805,
        "displacements": [
          {
            "d_ang": 0.05,
            "e_qm": 0.18702246320476434,
            "e_mm": 0.1844734297052213,
            "pct_err": -1.3629557946481565
          },
          {
            "d_ang": 0.1,
            "e_qm": 0.7480898528190574,
            "e_mm": 0.739870011471055,
            "pct_err": -1.0987772815026422
          },
          {
            "d_ang": 0.15,
            "e_qm": 1.6832021688428787,
            "e_mm": 1.6720921229760677,
            "pct_err": -0.6600541558503693
          }
        ]
      },
      {
        "mode_idx": 8,
        "freq_cm1": 1191.759593455982,
        "displacements": [
          {
            "d_ang": 0.05,
            "e_qm": 0.1870142606746535,
            "e_mm": 0.18489285986304083,
            "pct_err": -1.134352430643371
          },
          {
            "d_ang": 0.1,
            "e_qm": 0.748057042698614,
            "e_mm": 0.7291456572121149,
            "pct_err": -2.5280673006267396
          },
          {
            "d_ang": 0.15,
            "e_qm": 1.6831283460718816,
            "e_mm": 1.627366287977992,
            "pct_err": -3.3130009499292297
          }
        ]
      },
      {
        "mode_idx": 9,
        "freq_cm1": 1495.2543711438677,
        "displacements": [
          {
            "d_ang": 0.05,
            "e_qm": 0.2690756589081752,
            "e_mm": -7.994203650682863,
            "pct_err": -3070.987298933259
          },
          {
            "d_ang": 0.1,
            "e_qm": 1.0763026356327008,
            "e_mm": -15.403548379297774,
            "pct_err": -1531.1540146180957
          },
          {
            "d_ang": 0.15,
            "e_qm": 2.4216809301735767,
            "e_mm": -22.162615075613488,
            "pct_err": -1015.174860547172
          }
        ]
      },
      {
        "mode_idx": 10,
        "freq_cm1": 1512.3024772927852,
        "displacements": [
          {
            "d_ang": 0.05,
            "e_qm": 0.2555131513394454,
            "e_mm": 0.2614805463452967,
            "pct_err": 2.3354551319840717
          },
          {
            "d_ang": 0.1,
            "e_qm": 1.0220526053577816,
            "e_mm": 1.0462941914224757,
            "pct_err": 2.371853066820177
          },
          {
            "d_ang": 0.15,
            "e_qm": 2.299618362055009,
            "e_mm": 2.3555567538356286,
            "pct_err": 2.4325076153345515
          }
        ]
      },
      {
        "mode_idx": 11,
        "freq_cm1": 1512.3904243106,
        "displacements": [
          {
            "d_ang": 0.05,
            "e_qm": 0.2555515068548282,
            "e_mm": 0.2401747808705892,
            "pct_err": -6.017075059930717
          },
          {
            "d_ang": 0.1,
            "e_qm": 1.0222060274193128,
            "e_mm": 0.9924730195360496,
            "pct_err": -2.9087098966074256
          },
          {
            "d_ang": 0.15,
            "e_qm": 2.299963561693454,
            "e_mm": 2.2467231609923033,
            "pct_err": -2.3148367038454283
          }
        ]
      },
      {
        "mode_idx": 12,
        "freq_cm1": 3057.991909877029,
        "displacements": [
          {
            "d_ang": 0.05,
            "e_qm": 1.0166443999175416,
            "e_mm": 4.382760556601113,
            "pct_err": 331.1006441344281
          },
          {
            "d_ang": 0.1,
            "e_qm": 4.0665775996701665,
            "e_mm": 10.74912227198692,
            "pct_err": 164.32846806756532
          },
          {
            "d_ang": 0.15,
            "e_qm": 9.149799599257873,
            "e_mm": 19.100433124590893,
            "pct_err": 108.75247503934513
          }
        ]
      },
      {
        "mode_idx": 13,
        "freq_cm1": 3145.066178768555,
        "displacements": [
          {
            "d_ang": 0.05,
            "e_qm": 1.162813298760443,
            "e_mm": 1.1483569844055665,
            "pct_err": -1.2432188701562654
          },
          {
            "d_ang": 0.1,
            "e_qm": 4.651253195041772,
            "e_mm": 4.593248124328966,
            "pct_err": -1.247084780820774
          },
          {
            "d_ang": 0.15,
            "e_qm": 10.465319688843982,
            "e_mm": 10.334128201770369,