{
  "metadata": {
    "backend": "JAX (harmonic, gpu)",
    "optimizer": "L-BFGS-B",
    "molecule": "CH3F",
    "timestamp": "2026-03-27T04:49:05.481390+00:00",
    "source": "q2mm",
    "optimizer_kwargs": {}
  },
  "qm_reference": {
    "frequencies_cm1": [
      1040.5813860717833,
      1191.7481438159166,
      1191.7596032972854,
      1495.2543826262465,
      1512.3024847909746,
      1512.3904361886512,
      3057.9919349402667,
      3145.0662046070593,
      3145.08792677519
    ],
    "level_of_theory": "B3LYP/6-31+G(d)"
  },
  "default_ff": {
    "frequencies_cm1": [
      104.81024896825619,
      104.81060268135862,
      110.03734232289688,
      162.95826471942047,
      165.58668641049215,
      165.58679369565326,
      346.9676002677185,
      361.5529161029106,
      361.55297875783685
    ],
    "rmsd": 1870.0988181074129,
    "mae": 1712.03545213187,
    "param_values": [
      5.0,
      1.398635372383775,
      5.0,
      1.0940396626494566,
      0.5,
      108.43609414745065,
      0.5,
      110.48621469688054
    ]
  },
  "seminario": {
    "frequencies_cm1": [
      851.0537821819523,
      1141.6376479981188,
      1141.6417784251735,
      1658.0257070313608,
      1733.2637672364845,
      1733.2645936902595,
      2896.707051931889,
      3021.8183227411414,
      3021.818802990742
    ],
    "rmsd": 156.8599826412394,
    "mae": 144.6849530656352,
    "elapsed_s": 0.003891457978170365,
    "param_values": [
      270.60918930118333,
      1.398635372383775,
      348.31336238406834,
      1.0940396626494566,
      59.62010839172108,
      108.43609414745065,
      54.65975104094709,
      110.48621469688054
    ]
  },
  "optimized": {
    "frequencies_cm1": [
      556.1234142857339,
      556.1239751404527,
      849.8339708667912,
      1191.1565670130776,
      1191.1605658750555,
      1479.7161332785558,
      1479.7163827275263,
      1575.9634240031194,
      2921.854872627238,
      3054.128486309691,
      3054.1290830794806
    ],
    "rmsd": 813.4409917297457,
    "mae": 610.0592441439804,
    "elapsed_s": 1.733771823986899,
    "n_eval": 361,
    "converged": true,
    "initial_score": 0.22144548738788944,
    "final_score": 0.0768065808272848,
    "message": "CONVERGENCE: RELATIVE REDUCTION OF F <= FACTR*EPSMCH",
    "param_names": [
      "kb_C-F",
      "r0_C-F",
      "kb_C-H",
      "r0_C-H",
      "ka_F-C-H",
      "th0_F-C-H",
      "ka_H-C-H",
      "th0_H-C-H"
    ],
    "param_initial": [
      270.60918930118333,
      1.398635372383775,
      348.31336238406834,
      1.0940396626494566,
      59.62010839172108,
      108.43609414745065,
      54.65975104094709,
      110.48621469688054
    ],
    "param_final": [
      272.0345556222585,
      0.5,
      354.6530212574254,
      1.1209927430417481,
      66.03523514818244,
      109.26764159322298,
      42.59312957413797,
      112.71775567069062
    ]
  },
  "pes_distortion": {
    "modes": [
      {
        "mode_idx": 6,
        "freq_cm1": 1040.5813769340564,
        "displacements": [
          {
            "d_ang": 0.05,
            "e_qm": 0.9757026106066686,
            "e_mm": -24.7824122440949,
            "pct_err": -2639.955512539398
          },
          {
            "d_ang": 0.1,
            "e_qm": 3.9028104424266745,
            "e_mm": -48.01502850216394,
            "pct_err": -1330.2680135371716
          },
          {
            "d_ang": 0.15,
            "e_qm": 8.781323495460015,
            "e_mm": -69.69567458945642,
            "pct_err": -893.6807546776909
          }
        ]
      },
      {
        "mode_idx": 7,
        "freq_cm1": 1191.7481351074805,
        "displacements": [
          {
            "d_ang": 0.05,
            "e_qm": 0.18702246320476434,
            "e_mm": 0.17930082535073666,
            "pct_err": -4.128722144769067
          },
          {
            "d_ang": 0.1,
            "e_qm": 0.7480898528190574,
            "e_mm": 0.7190490246680099,
            "pct_err": -3.881997335161243
          },
          {
            "d_ang": 0.15,
            "e_qm": 1.6832021688428787,
            "e_mm": 1.6247557723634998,
            "pct_err": -3.4723337196955963
          }
        ]
      },
      {
        "mode_idx": 8,
        "freq_cm1": 1191.759593455982,
        "displacements": [
          {
            "d_ang": 0.05,
            "e_qm": 0.1870142606746535,
            "e_mm": 0.17918409485531583,
            "pct_err": -4.186935151945284
          },
          {
            "d_ang": 0.1,
            "e_qm": 0.748057042698614,
            "e_mm": 0.7093887696416061,
            "pct_err": -5.169161019794977
          },
          {
            "d_ang": 0.15,
            "e_qm": 1.6831283460718816,
            "e_mm": 1.5868801391035845,
            "pct_err": -5.7184116227929405
          }
        ]
      },
      {
        "mode_idx": 9,
        "freq_cm1": 1495.2543711438677,
        "displacements": [
          {
            "d_ang": 0.05,
            "e_qm": 0.2690756589081752,
            "e_mm": -1.7150715486079946,
            "pct_err": -737.393793094187
          },
          {
            "d_ang": 0.1,
            "e_qm": 1.0763026356327008,
            "e_mm": -2.811349741502397,
            "pct_err": -361.2043907009254
          },
          {
            "d_ang": 0.15,
            "e_qm": 2.4216809301735767,
            "e_mm": -3.24132723265609,
            "pct_err": -233.84617239496384
          }
        ]
      },
      {
        "mode_idx": 10,
        "freq_cm1": 1512.3024772927852,
        "displacements": [
          {
            "d_ang": 0.05,
            "e_qm": 0.2555131513394454,
            "e_mm": 0.24587293979706715,
            "pct_err": -3.772882723195483
          },
          {
            "d_ang": 0.1,
            "e_qm": 1.0220526053577816,
            "e_mm": 0.983907594843231,
            "pct_err": -3.732196397190098
          },
          {
            "d_ang": 0.15,
            "e_qm": 2.299618362055009,
            "e_mm": 2.2153479248630674,
            "pct_err": -3.664540107282617
          }
        ]
      },
      {
        "mode_idx": 11,
        "freq_cm1": 1512.3904243106,
        "displacements": [
          {
            "d_ang": 0.05,
            "e_qm": 0.2555515068548282,
            "e_mm": 0.23978571093002188,
            "pct_err": -6.169322231295795
          },
          {
            "d_ang": 0.1,
            "e_qm": 1.0222060274193128,
            "e_mm": 0.9631306826287869,
            "pct_err": -5.779201374860703
          },
          {
            "d_ang": 0.15,
            "e_qm": 2.299963561693454,
            "e_mm": 2.162561459837434,
            "pct_err": -5.974099074632785
          }
        ]
      },
      {
        "mode_idx": 12,
        "freq_cm1": 3057.991909877029,
        "displacements": [
          {
            "d_ang": 0.05,
            "e_qm": 1.0166443999175416,
            "e_mm": 3.540141830675225,
            "pct_err": 248.21829844952273
          },
          {
            "d_ang": 0.1,
            "e_qm": 4.0665775996701665,
            "e_mm": 8.931276309450965,
            "pct_err": 119.62635878817034
          },
          {
            "d_ang": 0.15,
            "e_qm": 9.149799599257873,
            "e_mm": 16.17319222174632,
            "pct_err": 76.76007049441938
          }
        ]
      },
      {
        "mode_idx": 13,
        "freq_cm1": 3145.066178768555,
        "displacements": [
          {
            "d_ang": 0.05,
            "e_qm": 1.162813298760443,
            "e_mm": 1.0934446129187734,
            "pct_err": -5.965591029584583
          },
          {
            "d_ang": 0.1,
            "e_qm": 4.651253195041772,
            "e_mm": 4.373757042316356,
            "pct_err": -5.966051321850766
          },
          {
            "d_ang": 0.15,
            "e_qm": 10.465319688843982,
            "e_mm": 9.840873223754869,