{
  "metadata": {
    "molecule": "ch3f",
    "engine": "jax",
    "device": "cpu",
    "max_cycles": 10,
    "max_params": 3,
    "convergence": 0.001,
    "full_method": "L-BFGS-B",
    "simp_method": "Nelder-Mead",
    "full_maxiter": 200,
    "simp_maxiter": 200,
    "qm_real": [
      1040.5813860717833,
      1191.7481438159166,
      1191.7596032972854,
      1495.2543826262465,
      1512.3024847909746,
      1512.3904361886512,
      3057.9919349402667,
      3145.0662046070593,
      3145.08792677519
    ],
    "n_modes": 9
  },
  "results": {
    "success": false,
    "initial_score": 0.22144548738789044,
    "final_score": 0.0007661164221380422,
    "n_cycles": 10,
    "cycle_scores": [
      0.22144548738789044,
      0.004709067497719737,
      0.0013766875267481773,
      0.0011956434073600584,
      0.0011390126030752414,
      0.0010901486786877058,
      0.0010464457833384497,
      0.0009556423993739995,
      0.0008946226740010663,
      0.0008280647479446126,
      0.0007661164221380422
    ],
    "improvement": 0.9965403836800879,
    "message": "max cycles (10) reached",
    "total_elapsed_s": 5.441445848991862,
    "load_elapsed_s": 0.47359855799004436,
    "n_eval": 362
  }
}