{
  "metadata": {
    "backend": "JAX (harmonic, gpu)",
    "optimizer": "Powell",
    "molecule": "CH3F",
    "timestamp": "2026-03-25T22:41:29.224349+00:00",
    "source": "q2mm",
    "optimizer_kwargs": {}
  },
  "qm_reference": {
    "frequencies_cm1": [
      1040.5813860717833,
      1191.7481438159166,
      1191.7596032972854,
      1495.2543826262465,
      1512.3024847909746,
      1512.3904361886512,
      3057.9919349402667,
      3145.0662046070593,
      3145.08792677519
    ],
    "level_of_theory": "B3LYP/6-31+G(d)"
  },
  "default_ff": {
    "frequencies_cm1": [
      104.8102489682562,
      104.81060268135872,
      110.0373423228966,
      162.95826471942053,
      165.5866864104921,
      165.58679369565328,
      346.9676002677185,
      361.55291610291056,
      361.55297875783685
    ],
    "rmsd": 1870.0988181074129,
    "mae": 1712.03545213187,
    "param_values": [
      5.0,
      1.398635372383775,
      5.0,
      1.0940396626494566,
      0.5,
      108.43609414745065,
      0.5,
      110.48621469688054
    ]
  },
  "seminario": {
    "frequencies_cm1": [
      851.0537821819511,
      1141.6376479981186,
      1141.6417784251746,
      1658.0257070313608,
      1733.2637672364845,
      1733.26459369026,
      2896.707051931888,
      3021.8183227411414,
      3021.8188029907415
    ],
    "rmsd": 156.85998264123978,
    "mae": 144.68495306563545,
    "elapsed_s": 0.0008988009940367192,
    "param_values": [
      270.60918930118333,
      1.398635372383775,
      348.31336238406834,
      1.0940396626494566,
      59.62010839172108,
      108.43609414745065,
      54.65975104094709,
      110.48621469688054
    ]
  },
  "optimized": {
    "frequencies_cm1": [
      1040.5813866577214,
      1191.7526904291353,
      1191.7550561541461,
      1495.2543822024206,
      1512.3461998138657,
      1512.3467210863182,
      3057.991935091529,
      3145.0769302448116,
      3145.07719988768
    ],
    "rmsd": 0.02132673601697333,
    "mae": 0.013108618652318505,
    "elapsed_s": 7.458558788988739,
    "n_eval": 2631,
    "converged": true,
    "initial_score": 0.22144548738789027,
    "final_score": 4.09346702201153e-09,
    "message": "Optimization terminated successfully.",
    "param_names": [
      "kb_C-F",
      "r0_C-F",
      "kb_C-H",
      "r0_C-H",
      "ka_F-C-H",
      "th0_F-C-H",
      "ka_H-C-H",
      "th0_H-C-H"
    ],
    "param_initial": [
      270.60918930118333,
      1.398635372383775,
      348.31336238406834,
      1.0940396626494566,
      59.62010839172108,
      108.43609414745065,
      54.65975104094709,
      110.48621469688054
    ],
    "param_final": [
      450.0798355735829,
      1.2058682008881219,
      376.38260810850306,
      1.13543442895809,
      71.27919487609422,
      138.902839200743,
      41.342227204994174,
      106.87297116775409
    ]
  },
  "pes_distortion": {
    "modes": [
      {
        "mode_idx": 6,
        "freq_cm1": 1040.5813769340564,
        "displacements": [
          {
            "d_ang": 0.05,
            "e_qm": 0.9757026106066686,
            "e_mm": -10.405793075679213,
            "pct_err": -1166.492285924001
          },
          {
            "d_ang": 0.1,
            "e_qm": 3.9028104424266745,
            "e_mm": -18.292077158796886,
            "pct_err": -568.689869227246
          },
          {
            "d_ang": 0.15,
            "e_qm": 8.781323495460015,
            "e_mm": -23.655981509620503,
            "pct_err": -369.3897055705869
          }
        ]
      },
      {
        "mode_idx": 7,
        "freq_cm1": 1191.7481351074805,
        "displacements": [
          {
            "d_ang": 0.05,
            "e_qm": 0.18702246320476434,
            "e_mm": 0.18447344138563437,
            "pct_err": -1.362949549188183
          },
          {
            "d_ang": 0.1,
            "e_qm": 0.7480898528190574,
            "e_mm": 0.7398700581334623,
            "pct_err": -1.0987710439621787
          },
          {
            "d_ang": 0.15,
            "e_qm": 1.6832021688428787,
            "e_mm": 1.6720922277452104,
            "pct_err": -0.6600479314559005
          }
        ]
      },
      {
        "mode_idx": 8,
        "freq_cm1": 1191.759593455982,
        "displacements": [
          {
            "d_ang": 0.05,
            "e_qm": 0.1870142606746535,
            "e_mm": 0.18489287003586696,
            "pct_err": -1.1343469910442192
          },
          {
            "d_ang": 0.1,
            "e_qm": 0.748057042698614,
            "e_mm": 0.7291457018995544,
            "pct_err": -2.528061326825682
          },
          {
            "d_ang": 0.15,
            "e_qm": 1.6831283460718816,
            "e_mm": 1.627366392316688,
            "pct_err": -3.3129947508359665
          }
        ]
      },
      {
        "mode_idx": 9,
        "freq_cm1": 1495.2543711438677,
        "displacements": [
          {
            "d_ang": 0.05,
            "e_qm": 0.2690756589081752,
            "e_mm": -7.994200676147884,
            "pct_err": -3070.986193469096
          },
          {
            "d_ang": 0.1,
            "e_qm": 1.0763026356327008,
            "e_mm": -15.403542440517171,
            "pct_err": -1531.1534628420056
          },
          {
            "d_ang": 0.15,
            "e_qm": 2.4216809301735767,
            "e_mm": -22.16260618200996,
            "pct_err": -1015.1744932979849
          }
        ]
      },
      {
        "mode_idx": 10,
        "freq_cm1": 1512.3024772927852,
        "displacements": [
          {
            "d_ang": 0.05,
            "e_qm": 0.2555131513394454,
            "e_mm": 0.261480551323686,
            "pct_err": 2.335457080372728
          },
          {
            "d_ang": 0.1,
            "e_qm": 1.0220526053577816,
            "e_mm": 1.0462942115302383,
            "pct_err": 2.3718550342103546
          },
          {
            "d_ang": 0.15,
            "e_qm": 2.299618362055009,
            "e_mm": 2.355556799799075,
            "pct_err": 2.4325096140769142
          }
        ]
      },
      {
        "mode_idx": 11,
        "freq_cm1": 1512.3904243106,
        "displacements": [
          {
            "d_ang": 0.05,
            "e_qm": 0.2555515068548282,
            "e_mm": 0.24017479301426192,
            "pct_err": -6.017070307983493
          },
          {
            "d_ang": 0.1,
            "e_qm": 1.0222060274193128,
            "e_mm": 0.9924730553732957,
            "pct_err": -2.9087063907343333
          },
          {
            "d_ang": 0.15,
            "e_qm": 2.299963561693454,
            "e_mm": 2.2467232340471384,
            "pct_err": -2.314833527497929
          }
        ]
      },
      {
        "mode_idx": 12,
        "freq_cm1": 3057.991909877029,
        "displacements": [
          {
            "d_ang": 0.05,
            "e_qm": 1.0166443999175416,
            "e_mm": 4.382757105575308,
            "pct_err": 331.10030468183237
          },
          {
            "d_ang": 0.1,
            "e_qm": 4.0665775996701665,
            "e_mm": 10.749115378661415,
            "pct_err": 164.3282985558485
          },
          {
            "d_ang": 0.15,
            "e_qm": 9.149799599257873,
            "e_mm": 19.100422797473882,
            "pct_err": 108.75236217220636
          }
        ]
      },
      {
        "mode_idx": 13,
        "freq_cm1": 3145.066178768555,
        "displacements": [
          {
            "d_ang": 0.05,
            "e_qm": 1.162813298760443,
            "e_mm": 1.1483569878699456,
            "pct_err": -1.2432185722254618
          },
          {
            "d_ang": 0.1,
            "e_qm": 4.651253195041772,
            "e_mm": 4.593248138201034,
            "pct_err": -1.2470844825771101
          },
          {
            "d_ang": 0.15,
            "e_qm": 10.465319688843982,
            "e_mm": 10.334128233037035,