{
  "metadata": {
    "backend": "JAX (harmonic, gpu)",
    "optimizer": "Nelder-Mead",
    "molecule": "CH3F",
    "timestamp": "2026-03-25T22:41:18.733180+00:00",
    "source": "q2mm",
    "optimizer_kwargs": {}
  },
  "qm_reference": {
    "frequencies_cm1": [
      1040.5813860717833,
      1191.7481438159166,
      1191.7596032972854,
      1495.2543826262465,
      1512.3024847909746,
      1512.3904361886512,
      3057.9919349402667,
      3145.0662046070593,
      3145.08792677519
    ],
    "level_of_theory": "B3LYP/6-31+G(d)"
  },
  "default_ff": {
    "frequencies_cm1": [
      104.81024896825615,
      104.81060268135874,
      110.03734232289699,
      162.95826471942053,
      165.58668641049215,
      165.58679369565328,
      346.96760026771835,
      361.5529161029105,
      361.55297875783685
    ],
    "rmsd": 1870.0988181074129,
    "mae": 1712.0354521318702,
    "param_values": [
      5.0,
      1.398635372383775,
      5.0,
      1.0940396626494566,
      0.5,
      108.43609414745065,
      0.5,
      110.48621469688054
    ]
  },
  "seminario": {
    "frequencies_cm1": [
      851.053782181953,
      1141.637647998119,
      1141.6417784251744,
      1658.0257070313596,
      1733.2637672364851,
      1733.2645936902607,
      2896.707051931889,
      3021.8183227411414,
      3021.8188029907406
    ],
    "rmsd": 156.85998264123958,
    "mae": 144.68495306563523,
    "elapsed_s": 0.0009247139969374985,
    "param_values": [
      270.60918930118333,
      1.398635372383775,
      348.31336238406834,
      1.0940396626494566,
      59.62010839172108,
      108.43609414745065,
      54.65975104094709,
      110.48621469688054
    ]
  },
  "optimized": {
    "frequencies_cm1": [
      321.7343237818451,
      321.7349713785025,
      705.8968474029308,
      1040.5813861455576,
      1191.753437920744,
      1191.754309144357,
      1495.254382631392,
      1512.346204164225,
      1512.3467168471277,
      3057.991934437974,
      3145.0769131251973,
      3145.0772190121206
    ],
    "rmsd": 1037.9349424980883,
    "mae": 888.7533248551881,
    "elapsed_s": 3.9419322670146357,
    "n_eval": 1219,
    "converged": true,
    "initial_score": 0.22144548738788997,
    "final_score": 4.108148572719555e-09,
    "message": "Optimization terminated successfully.",
    "param_names": [
      "kb_C-F",
      "r0_C-F",
      "kb_C-H",
      "r0_C-H",
      "ka_F-C-H",
      "th0_F-C-H",
      "ka_H-C-H",
      "th0_H-C-H"
    ],
    "param_initial": [
      270.60918930118333,
      1.398635372383775,
      348.31336238406834,
      1.0940396626494566,
      59.62010839172108,
      108.43609414745065,
      54.65975104094709,
      110.48621469688054
    ],
    "param_final": [
      450.0643935155443,
      1.2053927123483128,
      376.36573359867054,
      1.0648885889152884,
      49.43744788907636,
      154.12698923469557,
      29.847494527738164,
      108.44139668236264
    ]
  },
  "pes_distortion": {
    "modes": [
      {
        "mode_idx": 6,
        "freq_cm1": 1040.5813769340564,
        "displacements": [
          {
            "d_ang": 0.05,
            "e_qm": 0.9757026106066686,
            "e_mm": -10.206430084451597,
            "pct_err": -1146.0595240290977
          },
          {
            "d_ang": 0.1,
            "e_qm": 3.9028104424266745,
            "e_mm": -17.893860071837835,
            "pct_err": -558.4865274858663
          },
          {
            "d_ang": 0.15,
            "e_qm": 8.781323495460015,
            "e_mm": -23.059837788222197,
            "pct_err": -362.6009370927314
          }
        ]
      },
      {
        "mode_idx": 7,
        "freq_cm1": 1191.7481351074805,
        "displacements": [
          {
            "d_ang": 0.05,
            "e_qm": 0.18702246320476434,
            "e_mm": 0.19698649086906528,
            "pct_err": 5.327717052572273
          },
          {
            "d_ang": 0.1,
            "e_qm": 0.7480898528190574,
            "e_mm": 0.7901250191539901,
            "pct_err": 5.618999666487913
          },
          {
            "d_ang": 0.15,
            "e_qm": 1.6832021688428787,
            "e_mm": 1.7859219838289135,
            "pct_err": 6.102642741759884
          }
        ]
      },
      {
        "mode_idx": 8,
        "freq_cm1": 1191.759593455982,
        "displacements": [
          {
            "d_ang": 0.05,
            "e_qm": 0.1870142606746535,
            "e_mm": 0.1977675668402128,
            "pct_err": 5.749992608460328
          },
          {
            "d_ang": 0.1,
            "e_qm": 0.748057042698614,
            "e_mm": 0.7826778936560146,
            "pct_err": 4.628103069854942
          },
          {
            "d_ang": 0.15,
            "e_qm": 1.6831283460718816,
            "e_mm": 1.752478510631434,
            "pct_err": 4.120313505586383
          }
        ]
      },
      {
        "mode_idx": 9,
        "freq_cm1": 1495.2543711438677,
        "displacements": [
          {
            "d_ang": 0.05,
            "e_qm": 0.2690756589081752,
            "e_mm": -7.893257331592878,
            "pct_err": -3033.4713379951368
          },
          {
            "d_ang": 0.1,
            "e_qm": 1.0763026356327008,
            "e_mm": -15.214653403422204,
            "pct_err": -1513.6036556742538
          },
          {
            "d_ang": 0.15,
            "e_qm": 2.4216809301735767,
            "e_mm": -21.910293522530722,
            "pct_err": -1004.7555873085344
          }
        ]
      },
      {
        "mode_idx": 10,
        "freq_cm1": 1512.3024772927852,
        "displacements": [
          {
            "d_ang": 0.05,
            "e_qm": 0.2555131513394454,
            "e_mm": 0.25689926075440894,
            "pct_err": 0.5424806542040205
          },
          {
            "d_ang": 0.1,
            "e_qm": 1.0220526053577816,
            "e_mm": 1.0284643312784283,
            "pct_err": 0.6273381513862634
          },
          {
            "d_ang": 0.15,
            "e_qm": 2.299618362055009,
            "e_mm": 2.317288266481029,
            "pct_err": 0.768384211814592
          }
        ]
      },
      {
        "mode_idx": 11,
        "freq_cm1": 1512.3904243106,
        "displacements": [
          {
            "d_ang": 0.05,
            "e_qm": 0.2555515068548282,
            "e_mm": 0.23611301144636343,
            "pct_err": -7.606488276160797
          },
          {
            "d_ang": 0.1,
            "e_qm": 1.0222060274193128,
            "e_mm": 0.9772987773892794,
            "pct_err": -4.393170146277395
          },
          {
            "d_ang": 0.15,
            "e_qm": 2.299963561693454,
            "e_mm": 2.216514012349421,
            "pct_err": -3.628298758028551
          }
        ]
      },
      {
        "mode_idx": 12,
        "freq_cm1": 3057.991909877029,
        "displacements": [
          {
            "d_ang": 0.05,
            "e_qm": 1.0166443999175416,
            "e_mm": -0.31167032793227634,
            "pct_err": -130.6567692653946
          },
          {
            "d_ang": 0.1,
            "e_qm": 4.0665775996701665,
            "e_mm": 1.360166131797925,
            "pct_err": -66.55255928453828
          },
          {
            "d_ang": 0.15,
            "e_qm": 9.149799599257873,
            "e_mm": 5.016829404803403,
            "pct_err": -45.17006246551772
          }
        ]
      },
      {
        "mode_idx": 13,
        "freq_cm1": 3145.066178768555,
        "displacements": [
          {
            "d_ang": 0.05,
            "e_qm": 1.162813298760443,
            "e_mm": 1.1477963941728575,
            "pct_err": -1.2914286931180972
          },
          {
            "d_ang": 0.1,
            "e_qm": 4.651253195041772,
            "e_mm": 4.5909943195715925,
            "pct_err": -1.295540641270938
          },
          {
            "d_ang": 0.15,
            "e_qm": 10.465319688843982,