{
  "metadata": {
    "backend": "JAX (harmonic, gpu)",
    "optimizer": "L-BFGS-B",
    "molecule": "CH3F",
    "timestamp": "2026-03-25T22:41:10.000727+00:00",
    "source": "q2mm",
    "optimizer_kwargs": {}
  },
  "qm_reference": {
    "frequencies_cm1": [
      1040.5813860717833,
      1191.7481438159166,
      1191.7596032972854,
      1495.2543826262465,
      1512.3024847909746,
      1512.3904361886512,
      3057.9919349402667,
      3145.0662046070593,
      3145.08792677519
    ],
    "level_of_theory": "B3LYP/6-31+G(d)"
  },
  "default_ff": {
    "frequencies_cm1": [
      104.81024896825615,
      104.81060268135874,
      110.03734232289699,
      162.95826471942053,
      165.58668641049215,
      165.58679369565328,
      346.96760026771835,
      361.5529161029105,
      361.55297875783685
    ],
    "rmsd": 1870.0988181074129,
    "mae": 1712.0354521318702,
    "param_values": [
      5.0,
      1.398635372383775,
      5.0,
      1.0940396626494566,
      0.5,
      108.43609414745065,
      0.5,
      110.48621469688054
    ]
  },
  "seminario": {
    "frequencies_cm1": [
      851.053782181953,
      1141.637647998119,
      1141.6417784251744,
      1658.0257070313596,
      1733.2637672364851,
      1733.2645936902607,
      2896.707051931889,
      3021.8183227411414,
      3021.8188029907406
    ],
    "rmsd": 156.85998264123958,
    "mae": 144.68495306563523,
    "elapsed_s": 0.0037697319930884987,
    "param_values": [
      270.60918930118333,
      1.398635372383775,
      348.31336238406834,
      1.0940396626494566,
      59.62010839172108,
      108.43609414745065,
      54.65975104094709,
      110.48621469688054
    ]
  },
  "optimized": {
    "frequencies_cm1": [
      556.1234143881708,
      556.1239752428879,
      849.833970895989,
      1191.156567388942,
      1191.1605662509187,
      1479.7161322911954,
      1479.7163817401583,
      1575.963424237114,
      2921.8548727997063,
      3054.1284864970626,
      3054.1290832668537
    ],
    "rmsd": 813.4409918424648,
    "mae": 610.059244208699,
    "elapsed_s": 1.7312964439915959,
    "n_eval": 388,
    "converged": true,
    "initial_score": 0.22144548738788977,
    "final_score": 0.0768065808249129,
    "message": "CONVERGENCE: RELATIVE REDUCTION OF F <= FACTR*EPSMCH",
    "param_names": [
      "kb_C-F",
      "r0_C-F",
      "kb_C-H",
      "r0_C-H",
      "ka_F-C-H",
      "th0_F-C-H",
      "ka_H-C-H",
      "th0_H-C-H"
    ],
    "param_initial": [
      270.60918930118333,
      1.398635372383775,
      348.31336238406834,
      1.0940396626494566,
      59.62010839172108,
      108.43609414745065,
      54.65975104094709,
      110.48621469688054
    ],
    "param_final": [
      272.03455563568264,
      0.5,
      354.65302130099633,
      1.1209927430264874,
      66.03523518981864,
      109.26764159906205,
      42.593129513114576,
      112.71775569864327
    ]
  },
  "pes_distortion": {
    "modes": [
      {
        "mode_idx": 6,
        "freq_cm1": 1040.5813769340564,
        "displacements": [
          {
            "d_ang": 0.05,
            "e_qm": 0.9757026106066686,
            "e_mm": -24.78241224463858,
            "pct_err": -2639.95551259512
          },
          {
            "d_ang": 0.1,
            "e_qm": 3.9028104424266745,
            "e_mm": -48.01502850316331,
            "pct_err": -1330.2680135627777
          },
          {
            "d_ang": 0.15,
            "e_qm": 8.781323495460015,
            "e_mm": -69.69567459082654,
            "pct_err": -893.6807546932935
          }
        ]
      },
      {
        "mode_idx": 7,
        "freq_cm1": 1191.7481351074805,
        "displacements": [
          {
            "d_ang": 0.05,
            "e_qm": 0.18702246320476434,
            "e_mm": 0.17930082549500526,
            "pct_err": -4.128722067629351
          },
          {
            "d_ang": 0.1,
            "e_qm": 0.7480898528190574,
            "e_mm": 0.7190490252440611,
            "pct_err": -3.8819972581582993
          },
          {
            "d_ang": 0.15,
            "e_qm": 1.6832021688428787,
            "e_mm": 1.6247557736557212,
            "pct_err": -3.4723336429239846
          }
        ]
      },
      {
        "mode_idx": 8,
        "freq_cm1": 1191.759593455982,
        "displacements": [
          {
            "d_ang": 0.05,
            "e_qm": 0.1870142606746535,
            "e_mm": 0.17918409499972654,
            "pct_err": -4.186935074726197
          },
          {
            "d_ang": 0.1,
            "e_qm": 0.748057042698614,
            "e_mm": 0.7093887702208121,
            "pct_err": -5.169160942366922
          },
          {
            "d_ang": 0.15,
            "e_qm": 1.6831283460718816,
            "e_mm": 1.5868801404076578,
            "pct_err": -5.7184115453138045
          }
        ]
      },
      {
        "mode_idx": 9,
        "freq_cm1": 1495.2543711438677,
        "displacements": [
          {
            "d_ang": 0.05,
            "e_qm": 0.2690756589081752,
            "e_mm": -1.7150715467111866,
            "pct_err": -737.3937923892521
          },
          {
            "d_ang": 0.1,
            "e_qm": 1.0763026356327008,
            "e_mm": -2.8113497376228906,
            "pct_err": -361.20439034047786
          },
          {
            "d_ang": 0.15,
            "e_qm": 2.4216809301735767,
            "e_mm": -3.241327226789622,
            "pct_err": -233.8461721527161
          }
        ]
      },
      {
        "mode_idx": 10,
        "freq_cm1": 1512.3024772927852,
        "displacements": [
          {
            "d_ang": 0.05,
            "e_qm": 0.2555131513394454,
            "e_mm": 0.24587293945472766,
            "pct_err": -3.7728828571766453
          },
          {
            "d_ang": 0.1,
            "e_qm": 1.0220526053577816,
            "e_mm": 0.9839075934776815,
            "pct_err": -3.7321965307986273
          },
          {
            "d_ang": 0.15,
            "e_qm": 2.299618362055009,
            "e_mm": 2.2153479218058294,
            "pct_err": -3.6645402402280687
          }
        ]
      },
      {
        "mode_idx": 11,
        "freq_cm1": 1512.3904243106,
        "displacements": [
          {
            "d_ang": 0.05,
            "e_qm": 0.2555515068548282,
            "e_mm": 0.23978571059407727,
            "pct_err": -6.169322362754462
          },
          {
            "d_ang": 0.1,
            "e_qm": 1.0222060274193128,
            "e_mm": 0.9631306812887601,
            "pct_err": -5.779201505952353
          },
          {
            "d_ang": 0.15,
            "e_qm": 2.299963561693454,
            "e_mm": 2.1625614568504545,
            "pct_err": -5.974099204503518
          }
        ]
      },
      {
        "mode_idx": 12,
        "freq_cm1": 3057.991909877029,
        "displacements": [
          {
            "d_ang": 0.05,
            "e_qm": 1.0166443999175416,
            "e_mm": 3.540141830004785,
            "pct_err": 248.21829838357644
          },
          {
            "d_ang": 0.1,
            "e_qm": 4.0665775996701665,
            "e_mm": 8.93127630833294,
            "pct_err": 119.6263587606773
          },
          {
            "d_ang": 0.15,
            "e_qm": 9.149799599257873,
            "e_mm": 16.173192220403195,
            "pct_err": 76.76007047974011
          }
        ]
      },
      {
        "mode_idx": 13,
        "freq_cm1": 3145.066178768555,
        "displacements": [
          {
            "d_ang": 0.05,
            "e_qm": 1.162813298760443,
            "e_mm": 1.0934446130562208,
            "pct_err": -5.965591017764337
          },
          {
            "d_ang": 0.1,
            "e_qm": 4.651253195041772,
            "e_mm": 4.373757042866174,
            "pct_err": -5.9660513100299095
          },
          {
            "d_ang": 0.15,
            "e_qm": 10.465319688843982,
            "e_mm": 9.840873224992123,