{
  "device": "cpu",
  "n_molecules": 9,
  "n_params": 94,
  "n_modes": 1273,
  "jit_warmup_s": 2.9565184810198843,
  "per_eval_ms": 21.852811900316738,
  "n_cycles": 4,
  "n_eval": 30936,
  "opt_time_s": 686.0559376900201,
  "initial_score": 2160.9356999492575,
  "final_score": 32.77959674587637,
  "cycle_scores": [
    2160.9356999492575,
    34.97934255491775,
    32.91443519695968,
    32.93993051730712,
    32.77959674587637
  ]
}