{
  "device": "gpu",
  "n_params": 8,
  "n_modes": 9,
  "jit_warmup_s": 0.644007919006981,
  "per_eval_ms": 2.1987421001540497,
  "n_cycles": 2,
  "n_eval": 664,
  "opt_time_s": 2.3187461310008075,
  "initial_score": 0.0012432489591465042,
  "final_score": 1.936860378949189e-05,
  "cycle_scores": [
    0.0012432489591465042,
    1.9368603789492205e-05,
    1.936860378949189e-05
  ]
}