{
  "metadata": {
    "molecule": "ch3f",
    "engine": "jax",
    "device": "gpu",
    "max_cycles": 10,
    "max_params": 3,
    "convergence": 0.001,
    "full_method": "L-BFGS-B",
    "simp_method": "Nelder-Mead",
    "full_maxiter": 200,
    "simp_maxiter": 200,
    "qm_real": [
      1040.5813860717833,
      1191.7481438159166,
      1191.7596032972854,
      1495.2543826262465,
      1512.3024847909746,
      1512.3904361886512,
      3057.9919349402667,
      3145.0662046070593,
      3145.08792677519
    ],
    "n_modes": 9
  },
  "results": {
    "success": false,
    "initial_score": 0.22144548738788963,
    "final_score": 0.0007661160449905407,
    "n_cycles": 10,
    "cycle_scores": [
      0.22144548738788963,
      0.004709068885318886,
      0.0013766871798547436,
      0.0011956429454954701,
      0.0011390120896267067,
      0.0010901481253945018,
      0.0010464452396104107,
      0.0009556419034320535,
      0.0008946221437557626,
      0.0008280643487993182,
      0.0007661160449905407
    ],
    "improvement": 0.9965403853832044,
    "message": "max cycles (10) reached",
    "total_elapsed_s": 17.21069162999629,
    "load_elapsed_s": 1.7575418520136736,
    "n_eval": 372
  }
}