{
  "device": "gpu",
  "n_molecules": 9,
  "n_params": 94,
  "n_modes": 1273,
  "jit_warmup_s": 5.646752000000561,
  "per_eval_ms": 36.207375599769875,
  "n_cycles": 3,
  "n_eval": 30637,
  "opt_time_s": 1116.679600906995,
  "initial_score": 2160.935699949259,
  "final_score": 34.55987216029757,
  "cycle_scores": [
    2160.935699949259,
    35.173309131866034,
    34.562716604867965,
    34.55987216029757
  ]
}