{
  "metadata": {
    "backend": "Tinker",
    "optimizer": "Nelder-Mead",
    "molecule": "CH3F",
    "timestamp": "2026-03-24T14:10:47.553147+00:00",
    "source": "q2mm",
    "optimizer_kwargs": {}
  },
  "qm_reference": {
    "frequencies_cm1": [
      1040.5813860717833,
      1191.7481438159166,
      1191.7596032972854,
      1495.2543826262465,
      1512.3024847909746,
      1512.3904361886512,
      3057.9919349402667,
      3145.0662046070593,
      3145.08792677519
    ],
    "level_of_theory": "B3LYP/6-31+G(d)"
  },
  "default_ff": {
    "frequencies_cm1": [
      105.189,
      105.189,
      110.111,
      163.364,
      166.173,
      166.174,
      346.877,
      361.451,
      361.452
    ],
    "rmsd": 1869.9707494674803,
    "mae": 1711.8002781237083,
    "param_values": [
      5.0,
      1.398635372383775,
      5.0,
      1.0940396626494566,
      0.5,
      108.43609414745065,
      0.5,
      110.48621469688054
    ]
  },
  "seminario": {
    "frequencies_cm1": [
      850.646,
      1141.57,
      1141.571,
      1657.778,
      1733.176,
      1733.182,
      2895.47,
      3020.438,
      3020.45
    ],
    "rmsd": 157.24726635546827,
    "mae": 145.1420995446255,
    "elapsed_s": 0.001169025999843143,
    "param_values": [
      270.60918930118333,
      1.398635372383775,
      348.31336238406834,
      1.0940396626494566,
      59.62010839172108,
      108.43609414745065,
      54.65975104094709,
      110.48621469688054
    ]
  },
  "optimized": {
    "frequencies_cm1": [
      514.891,
      1040.559,
      1191.636,
      1191.645,
      1495.146,
      1512.702,
      1512.705,
      3056.643,
      3145.832,
      3145.845
    ],
    "rmsd": 556.5182019395211,
    "mae": 292.50386413174346,
    "elapsed_s": 167.69405880899285,
    "n_eval": 680,
    "converged": true,
    "initial_score": 0.22254032498640824,
    "final_score": 3.2757487993766763e-06,
    "message": "Optimization terminated successfully.",
    "param_names": [
      "kb_C-F",
      "r0_C-F",
      "kb_C-H",
      "r0_C-H",
      "ka_F-C-H",
      "th0_F-C-H",
      "ka_H-C-H",
      "th0_H-C-H"
    ],
    "param_initial": [
      270.60918930118333,
      1.398635372383775,
      348.31336238406834,
      1.0940396626494566,
      59.62010839172108,
      108.43609414745065,
      54.65975104094709,
      110.48621469688054
    ],
    "param_final": [
      255.25760069321143,
      1.480009171812691,
      393.27706862398725,
      1.0891294253990653,
      42.00213326749054,
      128.3641259890401,
      67.69036292977724,
      94.09594959289927
    ]
  },
  "pes_distortion": {
    "modes": [
      {
        "mode_idx": 6,
        "freq_cm1": 1040.5813769340564,
        "displacements": [
          {
            "d_ang": 0.05,
            "e_qm": 0.9757026106066686,
            "e_mm": 2.2635000000000005,
            "pct_err": 131.98667046638423
          },
          {
            "d_ang": 0.1,
            "e_qm": 3.9028104424266745,
            "e_mm": 7.9802000000000035,
            "pct_err": 104.47316408834104
          },
          {
            "d_ang": 0.15,
            "e_qm": 8.781323495460015,
            "e_mm": 18.235,
            "pct_err": 107.65662498856328
          }
        ]
      },
      {
        "mode_idx": 7,
        "freq_cm1": 1191.7481351074805,
        "displacements": [
          {
            "d_ang": 0.05,
            "e_qm": 0.18702246320476434,
            "e_mm": 0.24450000000000216,
            "pct_err": 30.73295892392759
          },
          {
            "d_ang": 0.1,
            "e_qm": 0.7480898528190574,
            "e_mm": 0.9816000000000003,
            "pct_err": 31.214184539597362
          },
          {
            "d_ang": 0.15,
            "e_qm": 1.6832021688428787,
            "e_mm": 2.2216999999999985,
            "pct_err": 31.99246300444773
          }
        ]
      },
      {
        "mode_idx": 8,
        "freq_cm1": 1191.759593455982,
        "displacements": [
          {
            "d_ang": 0.05,
            "e_qm": 0.1870142606746535,
            "e_mm": 0.2475999999999985,
            "pct_err": 32.39632053020026
          },
          {
            "d_ang": 0.1,
            "e_qm": 0.748057042698614,
            "e_mm": 0.9986999999999995,
            "pct_err": 33.505861584725096
          },
          {
            "d_ang": 0.15,
            "e_qm": 1.6831283460718816,
            "e_mm": 2.274000000000001,
            "pct_err": 35.10556133803506
          }
        ]
      },
      {
        "mode_idx": 9,
        "freq_cm1": 1495.2543711438677,
        "displacements": [
          {
            "d_ang": 0.05,
            "e_qm": 0.2690756589081752,
            "e_mm": -5.844799999999999,
            "pct_err": -2272.177157798802
          },
          {
            "d_ang": 0.1,
            "e_qm": 1.0763026356327008,
            "e_mm": -11.129999999999999,
            "pct_err": -1134.095767447161
          },
          {
            "d_ang": 0.15,
            "e_qm": 2.4216809301735767,
            "e_mm": -15.792299999999997,
            "pct_err": -752.1214171211261
          }
        ]
      },
      {
        "mode_idx": 10,
        "freq_cm1": 1512.3024772927852,
        "displacements": [
          {
            "d_ang": 0.05,
            "e_qm": 0.2555131513394454,
            "e_mm": 0.21390000000000242,
            "pct_err": -16.28610939253007
          },
          {
            "d_ang": 0.1,
            "e_qm": 1.0220526053577816,
            "e_mm": 0.8607000000000014,
            "pct_err": -15.78711355090151
          },
          {
            "d_ang": 0.15,
            "e_qm": 2.299618362055009,
            "e_mm": 1.956000000000003,
            "pct_err": -14.942408171934144
          }
        ]
      },
      {
        "mode_idx": 11,
        "freq_cm1": 1512.3904243106,
        "displacements": [
          {
            "d_ang": 0.05,
            "e_qm": 0.2555515068548282,
            "e_mm": 0.19080000000000297,
            "pct_err": -25.33794758314956
          },
          {
            "d_ang": 0.1,
            "e_qm": 1.0222060274193128,
            "e_mm": 0.7636000000000038,
            "pct_err": -25.298816528424535
          },
          {
            "d_ang": 0.15,
            "e_qm": 2.299963561693454,
            "e_mm": 1.6861999999999995,
            "pct_err": -26.6857950237065
          }
        ]
      },
      {
        "mode_idx": 12,
        "freq_cm1": 3057.991909877029,
        "displacements": [
          {
            "d_ang": 0.05,
            "e_qm": 1.0166443999175416,
            "e_mm": 0.8903999999999996,
            "pct_err": -12.417753929277678
          },
          {
            "d_ang": 0.1,
            "e_qm": 4.0665775996701665,
            "e_mm": 4.2683000000000035,
            "pct_err": 4.960495536743191
          },
          {
            "d_ang": 0.15,
            "e_qm": 9.149799599257873,
            "e_mm": 10.704500000000003,
            "pct_err": 16.991633356300277
          }
        ]
      },
      {
        "mode_idx": 13,
        "freq_cm1": 3145.066178768555,
        "displacements": [
          {
            "d_ang": 0.05,
            "e_qm": 1.162813298760443,
            "e_mm": 1.161200000000001,
            "pct_err": -0.13874099669842113
          },
          {
            "d_ang": 0.1,
            "e_qm": 4.651253195041772,
            "e_mm": 4.7280000000000015,
            "pct_err": 1.6500242351898151
          },
          {
            "d_ang": 0.15,
            "e_qm": 10.465319688843982,
            "e_mm": 10.950099999999999,
            "pct_err": 4.632255158653131
          }
        ]
      },
      {
        "mode_idx": 14,
        "freq_cm1": 3145.0879009331857,
        "displacements": [
          {
            "d_ang": 0.05,
            "e_qm": 1.1628295315279034,
            "e_mm": 1.0940000000000012,