{
  "metadata": {
    "backend": "Tinker",
    "optimizer": "L-BFGS-B",
    "molecule": "CH3F",
    "timestamp": "2026-03-24T04:43:58.095385+00:00",
    "source": "q2mm",
    "optimizer_kwargs": {}
  },
  "qm_reference": {
    "frequencies_cm1": [
      1040.5813860717833,
      1191.7481438159166,
      1191.7596032972854,
      1495.2543826262465,
      1512.3024847909746,
      1512.3904361886512,
      3057.9919349402667,
      3145.0662046070593,
      3145.08792677519
    ],
    "level_of_theory": "B3LYP/6-31+G(d)"
  },
  "default_ff": {
    "frequencies_cm1": [
      105.189,
      105.189,
      110.111,
      163.364,
      166.173,
      166.174,
      346.877,
      361.451,
      361.452
    ],
    "rmsd": 1869.9707494674803,
    "mae": 1711.8002781237083,
    "param_values": [
      5.0,
      1.398635372383775,
      5.0,
      1.0940396626494566,
      0.5,
      108.43609414745065,
      0.5,
      110.48621469688054
    ]
  },
  "seminario": {
    "frequencies_cm1": [
      850.646,
      1141.57,
      1141.571,
      1657.778,
      1733.176,
      1733.182,
      2895.47,
      3020.438,
      3020.45
    ],
    "rmsd": 157.24726635546827,
    "mae": 145.1420995446255,
    "elapsed_s": 0.0012720540034933947,
    "param_values": [
      270.60918930118333,
      1.398635372383775,
      348.31336238406834,
      1.0940396626494566,
      59.62010839172108,
      108.43609414745065,
      54.65975104094709,
      110.48621469688054
    ]
  },
  "optimized": {
    "frequencies_cm1": [
      997.564,
      1093.696,
      1093.697,
      1646.766,
      1700.533,
      1700.538,
      3047.338,
      3176.531,
      3176.543
    ],
    "rmsd": 113.99802956893959,
    "mae": 93.39951479301448,
    "elapsed_s": 122.72361616700073,
    "n_eval": 478,
    "converged": false,
    "initial_score": 0.22254032498640824,
    "final_score": 0.11695995671040743,
    "message": "ABNORMAL: ",
    "param_names": [
      "kb_C-F",
      "r0_C-F",
      "kb_C-H",
      "r0_C-H",
      "ka_F-C-H",
      "th0_F-C-H",
      "ka_H-C-H",
      "th0_H-C-H"
    ],
    "param_initial": [
      270.60918930118333,
      1.398635372383775,
      348.31336238406834,
      1.0940396626494566,
      59.62010839172108,
      108.43609414745065,
      54.65975104094709,
      110.48621469688054
    ],
    "param_final": [
      270.60918930118333,
      1.4473919098996175,
      348.31336238406834,
      1.107508691873829,
      59.62037322793533,
      108.43619909202648,
      54.65975104094709,
      110.48369975620437
    ]
  },
  "pes_distortion": {
    "modes": [
      {
        "mode_idx": 6,
        "freq_cm1": 1040.5813769340564,
        "displacements": [
          {
            "d_ang": 0.05,
            "e_qm": 0.9757026106066686,
            "e_mm": 2.8377,
            "pct_err": 190.83656937594805
          },
          {
            "d_ang": 0.1,
            "e_qm": 3.9028104424266745,
            "e_mm": 8.7165,
            "pct_err": 123.3390560106293
          },
          {
            "d_ang": 0.15,
            "e_qm": 8.781323495460015,
            "e_mm": 18.6721,
            "pct_err": 112.63423457356471
          }
        ]
      },
      {
        "mode_idx": 7,
        "freq_cm1": 1191.7481351074805,
        "displacements": [
          {
            "d_ang": 0.05,
            "e_qm": 0.18702246320476434,
            "e_mm": 0.15799999999999992,
            "pct_err": -15.518169693331837
          },
          {
            "d_ang": 0.1,
            "e_qm": 0.7480898528190574,
            "e_mm": 0.6351,
            "pct_err": -15.1037809687263
          },
          {
            "d_ang": 0.15,
            "e_qm": 1.6832021688428787,
            "e_mm": 1.4405000000000001,
            "pct_err": -14.419074151367376
          }
        ]
      },
      {
        "mode_idx": 8,
        "freq_cm1": 1191.759593455982,
        "displacements": [
          {
            "d_ang": 0.05,
            "e_qm": 0.1870142606746535,
            "e_mm": 0.15900000000000003,
            "pct_err": -14.979745701526761
          },
          {
            "d_ang": 0.1,
            "e_qm": 0.748057042698614,
            "e_mm": 0.6434,
            "pct_err": -13.990516327613728
          },
          {
            "d_ang": 0.15,
            "e_qm": 1.6831283460718816,
            "e_mm": 1.4689,
            "pct_err": -12.727986345892864
          }
        ]
      },
      {
        "mode_idx": 9,
        "freq_cm1": 1495.2543711438677,
        "displacements": [
          {
            "d_ang": 0.05,
            "e_qm": 0.2690756589081752,
            "e_mm": 0.4294,
            "pct_err": 59.58336838879102
          },
          {
            "d_ang": 0.1,
            "e_qm": 1.0763026356327008,
            "e_mm": 1.5335,
            "pct_err": 42.478513870639866
          },
          {
            "d_ang": 0.15,
            "e_qm": 2.4216809301735767,
            "e_mm": 3.3857999999999997,
            "pct_err": 39.811977614958494
          }
        ]
      },
      {
        "mode_idx": 10,
        "freq_cm1": 1512.3024772927852,
        "displacements": [
          {
            "d_ang": 0.05,
            "e_qm": 0.2555131513394454,
            "e_mm": 0.32620000000000005,
            "pct_err": 27.664661599609097
          },
          {
            "d_ang": 0.1,
            "e_qm": 1.0220526053577816,
            "e_mm": 1.3066,
            "pct_err": 27.84077777900768
          },
          {
            "d_ang": 0.15,
            "e_qm": 2.299618362055009,
            "e_mm": 2.947,
            "pct_err": 28.151698935229902
          }
        ]
      },
      {
        "mode_idx": 11,
        "freq_cm1": 1512.3904243106,
        "displacements": [
          {
            "d_ang": 0.05,
            "e_qm": 0.2555515068548282,
            "e_mm": 0.3164,
            "pct_err": 23.810657152469144
          },
          {
            "d_ang": 0.1,
            "e_qm": 1.0222060274193128,
            "e_mm": 1.2269999999999999,
            "pct_err": 20.03451037142827
          },
          {
            "d_ang": 0.15,
            "e_qm": 2.299963561693454,
            "e_mm": 2.678,
            "pct_err": 16.436627284138332
          }
        ]
      },
      {
        "mode_idx": 12,
        "freq_cm1": 3057.991909877029,
        "displacements": [
          {
            "d_ang": 0.05,
            "e_qm": 1.0166443999175416,
            "e_mm": 1.8954,
            "pct_err": 86.43687017345817
          },
          {
            "d_ang": 0.1,
            "e_qm": 4.0665775996701665,
            "e_mm": 6.2873,
            "pct_err": 54.60912391072908
          },
          {
            "d_ang": 0.15,
            "e_qm": 9.149799599257873,
            "e_mm": 13.724799999999998,
            "pct_err": 50.00109948979863
          }
        ]
      },
      {
        "mode_idx": 13,
        "freq_cm1": 3145.066178768555,
        "displacements": [
          {
            "d_ang": 0.05,
            "e_qm": 1.162813298760443,
            "e_mm": 1.1894999999999998,
            "pct_err": 2.295011698611018
          },
          {
            "d_ang": 0.1,
            "e_qm": 4.651253195041772,
            "e_mm": 4.8318,
            "pct_err": 3.881680858627331
          },
          {
            "d_ang": 0.15,
            "e_qm": 10.465319688843982,
            "e_mm": 11.148,
            "pct_err": 6.523262847705973
          }
        ]
      },
      {
        "mode_idx": 14,
        "freq_cm1": 3145.0879009331857,
        "displacements": [
          {
            "d_ang": 0.05,
            "e_qm": 1.1628295315279034,
            "e_mm": 1.1229999999999998,
            "pct_err": -3.425225318759272
          },
          {
            "d_ang": 0.1,
            "e_qm": 4.651318126111613,
            "e_mm": 4.3007,
            "pct_err": -7.538037962686536
          },
          {
            "d_ang": 0.15,