{
  "metadata": {
    "backend": "JAX (harmonic)",
    "optimizer": "Nelder-Mead",
    "molecule": "CH3F",
    "timestamp": "2026-03-24T14:32:31.318166+00:00",
    "source": "q2mm",
    "optimizer_kwargs": {}
  },
  "qm_reference": {
    "frequencies_cm1": [
      1040.5813860717833,
      1191.7481438159166,
      1191.7596032972854,
      1495.2543826262465,
      1512.3024847909746,
      1512.3904361886512,
      3057.9919349402667,
      3145.0662046070593,
      3145.08792677519
    ],
    "level_of_theory": "B3LYP/6-31+G(d)"
  },
  "default_ff": {
    "frequencies_cm1": [
      104.8102489682562,
      104.81060268135863,
      110.03734232289709,
      162.95826471942047,
      165.5866864104922,
      165.58679369565328,
      346.9676002677185,
      361.5529161029106,
      361.55297875783685
    ],
    "rmsd": 1870.0988181074129,
    "mae": 1712.03545213187,
    "param_values": [
      5.0,
      1.398635372383775,
      5.0,
      1.0940396626494566,
      0.5,
      108.43609414745065,
      0.5,
      110.48621469688054
    ]
  },
  "seminario": {
    "frequencies_cm1": [
      851.0537821819534,
      1141.6376479981188,
      1141.6417784251753,
      1658.02570703136,
      1733.2637672364856,
      1733.26459369026,
      2896.707051931888,
      3021.8183227411414,
      3021.818802990742
    ],
    "rmsd": 156.8599826412395,
    "mae": 144.6849530656351,
    "elapsed_s": 0.0009505710040684789,
    "param_values": [
      270.60918930118333,
      1.398635372383775,
      348.31336238406834,
      1.0940396626494566,
      59.62010839172108,
      108.43609414745065,
      54.65975104094709,
      110.48621469688054
    ]
  },
  "optimized": {
    "frequencies_cm1": [
      321.73432283274303,
      321.7349704293986,
      705.8968463050717,
      1040.5813860093342,
      1191.7534379048443,
      1191.754309128471,
      1495.2543826107947,
      1512.3462041008731,
      1512.3467167837775,
      3057.9919341629834,
      3145.0769130333656,
      3145.0772189202894
    ],
    "rmsd": 1037.934942749933,
    "mae": 888.7533252231183,
    "elapsed_s": 0.9569552730099531,
    "n_eval": 1193,
    "converged": true,
    "initial_score": 0.2214454873878896,
    "final_score": 4.1081485726585595e-09,
    "message": "Optimization terminated successfully.",
    "param_names": [
      "kb_C-F",
      "r0_C-F",
      "kb_C-H",
      "r0_C-H",
      "ka_F-C-H",
      "th0_F-C-H",
      "ka_H-C-H",
      "th0_H-C-H"
    ],
    "param_initial": [
      270.60918930118333,
      1.398635372383775,
      348.31336238406834,
      1.0940396626494566,
      59.62010839172108,
      108.43609414745065,
      54.65975104094709,
      110.48621469688054
    ],
    "param_final": [
      450.06439339513105,
      1.2053927137462268,
      376.3657335985532,
      1.0648885889699045,
      49.437447916646654,
      154.12698895972724,
      29.847494583293102,
      108.44139659641067
    ]
  },
  "pes_distortion": {
    "modes": [
      {
        "mode_idx": 6,
        "freq_cm1": 1040.5813769340564,
        "displacements": [
          {
            "d_ang": 0.05,
            "e_qm": 0.9757026106066686,
            "e_mm": -10.206430006440812,
            "pct_err": -1146.0595160337532
          },
          {
            "d_ang": 0.1,
            "e_qm": 3.9028104424266745,
            "e_mm": -17.893859916526708,
            "pct_err": -558.4865235063975
          },
          {
            "d_ang": 0.15,
            "e_qm": 8.781323495460015,
            "e_mm": -23.059837556319252,
            "pct_err": -362.6009344518659
          }
        ]
      },
      {
        "mode_idx": 7,
        "freq_cm1": 1191.7481351074805,
        "displacements": [
          {
            "d_ang": 0.05,
            "e_qm": 0.18702246320476434,
            "e_mm": 0.19698649067682084,
            "pct_err": 5.327716949780106
          },
          {
            "d_ang": 0.1,
            "e_qm": 0.7480898528190574,
            "e_mm": 0.7901250183854529,
            "pct_err": 5.6189995637546355
          },
          {
            "d_ang": 0.15,
            "e_qm": 1.6832021688428787,
            "e_mm": 1.7859219821012005,
            "pct_err": 6.102642639115465
          }
        ]
      },
      {
        "mode_idx": 8,
        "freq_cm1": 1191.759593455982,
        "displacements": [
          {
            "d_ang": 0.05,
            "e_qm": 0.1870142606746535,
            "e_mm": 0.1977675666371539,
            "pct_err": 5.7499924998809595
          },
          {
            "d_ang": 0.1,
            "e_qm": 0.748057042698614,
            "e_mm": 0.7826778928700975,
            "pct_err": 4.628102964793821
          },
          {
            "d_ang": 0.15,
            "e_qm": 1.6831283460718816,
            "e_mm": 1.7524785088875348,
            "pct_err": 4.120313401975791
          }
        ]
      },
      {
        "mode_idx": 9,
        "freq_cm1": 1495.2543711438677,
        "displacements": [
          {
            "d_ang": 0.05,
            "e_qm": 0.2690756589081752,
            "e_mm": -7.893257294820813,
            "pct_err": -3033.4713243290685
          },
          {
            "d_ang": 0.1,
            "e_qm": 1.0763026356327008,
            "e_mm": -15.214653330146277,
            "pct_err": -1513.6036488661384
          },
          {
            "d_ang": 0.15,
            "e_qm": 2.4216809301735767,
            "e_mm": -21.91029341297788,
            "pct_err": -1004.7555827846995
          }
        ]
      },
      {
        "mode_idx": 10,
        "freq_cm1": 1512.3024772927852,
        "displacements": [
          {
            "d_ang": 0.05,
            "e_qm": 0.2555131513394454,
            "e_mm": 0.25689926085132697,
            "pct_err": 0.5424806921347605
          },
          {
            "d_ang": 0.1,
            "e_qm": 1.0220526053577816,
            "e_mm": 1.0284643316644093,
            "pct_err": 0.627338189151543
          },
          {
            "d_ang": 0.15,
            "e_qm": 2.299618362055009,
            "e_mm": 2.3172882673430024,
            "pct_err": 0.7683842492979248
          }
        ]
      },
      {
        "mode_idx": 11,
        "freq_cm1": 1512.3904243106,
        "displacements": [
          {
            "d_ang": 0.05,
            "e_qm": 0.2555515068548282,
            "e_mm": 0.23611301163056453,
            "pct_err": -7.606488204080965
          },
          {
            "d_ang": 0.1,
            "e_qm": 1.0222060274193128,
            "e_mm": 0.9772987779536919,
            "pct_err": -4.393170091062252
          },
          {
            "d_ang": 0.15,
            "e_qm": 2.299963561693454,
            "e_mm": 2.216514013488208,
            "pct_err": -3.628298708515295
          }
        ]
      },
      {
        "mode_idx": 12,
        "freq_cm1": 3057.991909877029,
        "displacements": [
          {
            "d_ang": 0.05,
            "e_qm": 1.0166443999175416,
            "e_mm": -0.31167032810421347,
            "pct_err": -130.65676928230684
          },
          {
            "d_ang": 0.1,
            "e_qm": 4.0665775996701665,
            "e_mm": 1.3601661313764737,
            "pct_err": -66.55255929490207
          },
          {
            "d_ang": 0.15,
            "e_qm": 9.149799599257873,
            "e_mm": 5.016829404048082,
            "pct_err": -45.17006247377277
          }
        ]
      },
      {
        "mode_idx": 13,
        "freq_cm1": 3145.066178768555,
        "displacements": [
          {
            "d_ang": 0.05,
            "e_qm": 1.162813298760443,
            "e_mm": 1.147796394196689,
            "pct_err": -1.291428691068619
          },
          {
            "d_ang": 0.1,
            "e_qm": 4.651253195041772,
            "e_mm": 4.590994319667601,
            "pct_err": -1.2955406392067947
          },
          {
            "d_ang": 0.15,
            "e_qm": 10.465319688843982,