{
  "metadata": {
    "backend": "JAX-MD (OPLSAA)",
    "optimizer": "Nelder-Mead",
    "molecule": "CH3F",
    "timestamp": "2026-03-24T14:32:53.297410+00:00",
    "source": "q2mm",
    "optimizer_kwargs": {}
  },
  "qm_reference": {
    "frequencies_cm1": [
      1040.5813860717833,
      1191.7481438159166,
      1191.7596032972854,
      1495.2543826262465,
      1512.3024847909746,
      1512.3904361886512,
      3057.9919349402667,
      3145.0662046070593,
      3145.08792677519
    ],
    "level_of_theory": "B3LYP/6-31+G(d)"
  },
  "default_ff": {
    "frequencies_cm1": [
      104.81024896825566,
      104.81060268135893,
      110.037342322897,
      162.95826471942038,
      165.58668641049243,
      165.5867936956528,
      346.9676002677185,
      361.55291610291056,
      361.55297875783674
    ],
    "rmsd": 1870.0988181074129,
    "mae": 1712.0354521318702,
    "param_values": [
      5.0,
      1.398635372383775,
      5.0,
      1.0940396626494566,
      0.5,
      108.43609414745065,
      0.5,
      110.48621469688054
    ]
  },
  "seminario": {
    "frequencies_cm1": [
      851.0537821819522,
      1141.6376479981168,
      1141.6417784251737,
      1658.025707031359,
      1733.263767236486,
      1733.264593690257,
      2896.7070519318886,
      3021.8183227411428,
      3021.8188029907415
    ],
    "rmsd": 156.85998264123913,
    "mae": 144.68495306563506,
    "elapsed_s": 0.0010159020021092147,
    "param_values": [
      270.60918930118333,
      1.398635372383775,
      348.31336238406834,
      1.0940396626494566,
      59.62010839172108,
      108.43609414745065,
      54.65975104094709,
      110.48621469688054
    ]
  },
  "optimized": {
    "frequencies_cm1": [
      321.73432253950233,
      321.73497013615815,
      705.8968459342922,
      1040.5813859665923,
      1191.7534379632032,
      1191.7543091868445,
      1495.2543825234384,
      1512.3462040443167,
      1512.3467167272133,
      3057.991934219462,
      3145.076913156228,
      3145.0772190431508
    ],
    "rmsd": 1037.9349428515543,
    "mae": 888.7533253435347,
    "elapsed_s": 1.218008829993778,
    "n_eval": 1205,
    "converged": true,
    "initial_score": 0.22144548738788855,
    "final_score": 4.108148573318035e-09,
    "message": "Optimization terminated successfully.",
    "param_names": [
      "kb_C-F",
      "r0_C-F",
      "kb_C-H",
      "r0_C-H",
      "ka_F-C-H",
      "th0_F-C-H",
      "ka_H-C-H",
      "th0_H-C-H"
    ],
    "param_initial": [
      270.60918930118333,
      1.398635372383775,
      348.31336238406834,
      1.0940396626494566,
      59.62010839172108,
      108.43609414745065,
      54.65975104094709,
      110.48621469688054
    ],
    "param_final": [
      450.06439338853414,
      1.205392714168744,
      376.365733635432,
      1.0648885889963922,
      49.43744793492432,
      154.12698885581563,
      29.847494601520403,
      108.44139654979693
    ]
  },
  "pes_distortion": {
    "modes": [
      {
        "mode_idx": 6,
        "freq_cm1": 1040.5813769340564,
        "displacements": [
          {
            "d_ang": 0.05,
            "e_qm": 0.9757026106066686,
            "e_mm": -10.206429983431448,
            "pct_err": -1146.0595136755178
          },
          {
            "d_ang": 0.1,
            "e_qm": 3.9028104424266745,
            "e_mm": -17.89385987056906,
            "pct_err": -558.4865223288447
          },
          {
            "d_ang": 0.15,
            "e_qm": 8.781323495460015,
            "e_mm": -23.059837487473246,
            "pct_err": -362.600933667861
          }
        ]
      },
      {
        "mode_idx": 7,
        "freq_cm1": 1191.7481351074805,
        "displacements": [
          {
            "d_ang": 0.05,
            "e_qm": 0.18702246320476434,
            "e_mm": 0.1969864906203611,
            "pct_err": 5.327716919591365
          },
          {
            "d_ang": 0.1,
            "e_qm": 0.7480898528190574,
            "e_mm": 0.7901250181609925,
            "pct_err": 5.618999533750158
          },
          {
            "d_ang": 0.15,
            "e_qm": 1.6832021688428787,
            "e_mm": 1.785921981597312,
            "pct_err": 6.1026426091791635
          }
        ]
      },
      {
        "mode_idx": 8,
        "freq_cm1": 1191.759593455982,
        "displacements": [
          {
            "d_ang": 0.05,
            "e_qm": 0.1870142606746535,
            "e_mm": 0.1977675665775962,
            "pct_err": 5.749992468034355
          },
          {
            "d_ang": 0.1,
            "e_qm": 0.748057042698614,
            "e_mm": 0.7826778926403222,
            "pct_err": 4.628102934077539
          },
          {
            "d_ang": 0.15,
            "e_qm": 1.6831283460718816,
            "e_mm": 1.7524785083773367,
            "pct_err": 4.120313371663301
          }
        ]
      },
      {
        "mode_idx": 9,
        "freq_cm1": 1495.2543711438677,
        "displacements": [
          {
            "d_ang": 0.05,
            "e_qm": 0.2690756589081752,
            "e_mm": -7.893257283875386,
            "pct_err": -3033.47132026128
          },
          {
            "d_ang": 0.1,
            "e_qm": 1.0763026356327008,
            "e_mm": -15.214653308409837,
            "pct_err": -1513.6036468465911
          },
          {
            "d_ang": 0.15,
            "e_qm": 2.4216809301735767,
            "e_mm": -21.91029338057959,
            "pct_err": -1004.7555814468565
          }
        ]
      },
      {
        "mode_idx": 10,
        "freq_cm1": 1512.3024772927852,
        "displacements": [
          {
            "d_ang": 0.05,
            "e_qm": 0.2555131513394454,
            "e_mm": 0.25689926088104187,
            "pct_err": 0.5424807037642586
          },
          {
            "d_ang": 0.1,
            "e_qm": 1.0220526053577816,
            "e_mm": 1.0284643317834536,
            "pct_err": 0.6273382007991167
          },
          {
            "d_ang": 0.15,
            "e_qm": 2.299618362055009,
            "e_mm": 2.3172882676100244,
            "pct_err": 0.768384260909502
          }
        ]
      },
      {
        "mode_idx": 11,
        "freq_cm1": 1512.3904243106,
        "displacements": [
          {
            "d_ang": 0.05,
            "e_qm": 0.2555515068548282,
            "e_mm": 0.23611301168595844,
            "pct_err": -7.606488182404743
          },
          {
            "d_ang": 0.1,
            "e_qm": 1.0222060274193128,
            "e_mm": 0.9772987781251317,
            "pct_err": -4.3931700742907065
          },
          {
            "d_ang": 0.15,
            "e_qm": 2.299963561693454,
            "e_mm": 2.2165140138381787,
            "pct_err": -3.6282986932989356
          }
        ]
      },
      {
        "mode_idx": 12,
        "freq_cm1": 3057.991909877029,
        "displacements": [
          {
            "d_ang": 0.05,
            "e_qm": 1.0166443999175416,
            "e_mm": -0.3116703275620978,
            "pct_err": -130.6567692289828
          },
          {
            "d_ang": 0.1,
            "e_qm": 4.0665775996701665,
            "e_mm": 1.360166132631079,
            "pct_err": -66.55255926405044
          },
          {
            "d_ang": 0.15,
            "e_qm": 9.149799599257873,
            "e_mm": 5.016829406181074,
            "pct_err": -45.17006245046086
          }
        ]
      },
      {
        "mode_idx": 13,
        "freq_cm1": 3145.066178768555,
        "displacements": [
          {
            "d_ang": 0.05,
            "e_qm": 1.162813298760443,
            "e_mm": 1.147796394315833,
            "pct_err": -1.2914286808224509
          },
          {
            "d_ang": 0.1,
            "e_qm": 4.651253195041772,
            "e_mm": 4.590994320147246,
            "pct_err": -1.2955406288946325
          },
          {
            "d_ang": 0.15,
            "e_qm": 10.465319688843982,