{
  "metadata": {
    "backend": "JAX-MD (OPLSAA, gpu)",
    "optimizer": "Powell",
    "molecule": "CH3F",
    "timestamp": "2026-03-27T04:50:41.462284+00:00",
    "source": "q2mm",
    "optimizer_kwargs": {}
  },
  "qm_reference": {
    "frequencies_cm1": [
      1040.5813860717833,
      1191.7481438159166,
      1191.7596032972854,
      1495.2543826262465,
      1512.3024847909746,
      1512.3904361886512,
      3057.9919349402667,
      3145.0662046070593,
      3145.08792677519
    ],
    "level_of_theory": "B3LYP/6-31+G(d)"
  },
  "default_ff": {
    "frequencies_cm1": [
      104.81024896825566,
      104.81060268135894,
      110.03734232289706,
      162.95826471942036,
      165.58668641049243,
      165.58679369565286,
      346.9676002677184,
      361.5529161029104,
      361.55297875783685
    ],
    "rmsd": 1870.0988181074129,
    "mae": 1712.0354521318702,
    "param_values": [
      5.0,
      1.398635372383775,
      5.0,
      1.0940396626494566,
      0.5,
      108.43609414745065,
      0.5,
      110.48621469688054
    ]
  },
  "seminario": {
    "frequencies_cm1": [
      851.0537821819511,
      1141.637647998117,
      1141.6417784251728,
      1658.0257070313587,
      1733.2637672364867,
      1733.2645936902577,
      2896.707051931889,
      3021.8183227411428,
      3021.8188029907406
    ],
    "rmsd": 156.85998264123953,
    "mae": 144.68495306563545,
    "elapsed_s": 0.0013016500161029398,
    "param_values": [
      270.60918930118333,
      1.398635372383775,
      348.31336238406834,
      1.0940396626494566,
      59.62010839172108,
      108.43609414745065,
      54.65975104094709,
      110.48621469688054
    ]
  },
  "optimized": {
    "frequencies_cm1": [
      1040.5813866325527,
      1191.7526903482014,
      1191.7550560704135,
      1495.254382155165,
      1512.346199770757,
      1512.3467210444085,
      3057.991934831925,
      3145.0769304674536,
      3145.077200110228
    ],
    "rmsd": 0.02132673581454956,
    "mae": 0.013108616525641992,
    "elapsed_s": 9.551129437983036,
    "n_eval": 2655,
    "converged": true,
    "initial_score": 0.22144548738788924,
    "final_score": 4.093466944500618e-09,
    "message": "Optimization terminated successfully.",
    "param_names": [
      "kb_C-F",
      "r0_C-F",
      "kb_C-H",
      "r0_C-H",
      "ka_F-C-H",
      "th0_F-C-H",
      "ka_H-C-H",
      "th0_H-C-H"
    ],
    "param_initial": [
      270.60918930118333,
      1.398635372383775,
      348.31336238406834,
      1.0940396626494566,
      59.62010839172108,
      108.43609414745065,
      54.65975104094709,
      110.48621469688054
    ],
    "param_final": [
      450.0798333179849,
      1.2058675405025203,
      376.38260559971405,
      1.1354344725801304,
      71.27919255323899,
      138.90285122355644,
      41.34223153559414,
      106.87298291766638
    ]
  },
  "pes_distortion": {
    "modes": [
      {
        "mode_idx": 6,
        "freq_cm1": 1040.5813769340564,
        "displacements": [
          {
            "d_ang": 0.05,
            "e_qm": 0.9757026106066686,
            "e_mm": -10.405824553274286,
            "pct_err": -1166.4955120704446
          },
          {
            "d_ang": 0.1,
            "e_qm": 3.9028104424266745,
            "e_mm": -18.292140124214818,
            "pct_err": -568.69148256253
          },
          {
            "d_ang": 0.15,
            "e_qm": 8.781323495460015,
            "e_mm": -23.65607597318825,
            "pct_err": -369.3907813032802
          }
        ]
      },
      {
        "mode_idx": 7,
        "freq_cm1": 1191.7481351074805,
        "displacements": [
          {
            "d_ang": 0.05,
            "e_qm": 0.18702246320476434,
            "e_mm": 0.1844734271775934,
            "pct_err": -1.3629571461584733
          },
          {
            "d_ang": 0.1,
            "e_qm": 0.7480898528190574,
            "e_mm": 0.7398700013942516,
            "pct_err": -1.098778628507063
          },
          {
            "d_ang": 0.15,
            "e_qm": 1.6832021688428787,
            "e_mm": 1.6720921004199596,
            "pct_err": -0.6600554959216043
          }
        ]
      },
      {
        "mode_idx": 8,
        "freq_cm1": 1191.759593455982,
        "displacements": [
          {
            "d_ang": 0.05,
            "e_qm": 0.1870142606746535,
            "e_mm": 0.18489285774597874,
            "pct_err": -1.1343535626758017
          },
          {
            "d_ang": 0.1,
            "e_qm": 0.748057042698614,
            "e_mm": 0.7291456478675258,
            "pct_err": -2.5280685498080944
          },
          {
            "d_ang": 0.15,
            "e_qm": 1.6831283460718816,
            "e_mm": 1.627366266315434,
            "pct_err": -3.3130022369705907
          }
        ]
      },
      {
        "mode_idx": 9,
        "freq_cm1": 1495.2543711438677,
        "displacements": [
          {
            "d_ang": 0.05,
            "e_qm": 0.2690756589081752,
            "e_mm": -7.994204348340759,
            "pct_err": -3070.9875582127115
          },
          {
            "d_ang": 0.1,
            "e_qm": 1.0763026356327008,
            "e_mm": -15.403549773505489,
            "pct_err": -1531.15414415487
          },
          {
            "d_ang": 0.15,
            "e_qm": 2.4216809301735767,
            "e_mm": -22.162617166177732,
            "pct_err": -1015.1749468741615
          }
        ]
      },
      {
        "mode_idx": 10,
        "freq_cm1": 1512.3024772927852,
        "displacements": [
          {
            "d_ang": 0.05,
            "e_qm": 0.2555131513394454,
            "e_mm": 0.2614805449055808,
            "pct_err": 2.335454568523485
          },
          {
            "d_ang": 0.1,
            "e_qm": 1.0220526053577816,
            "e_mm": 1.04629418564366,
            "pct_err": 2.3718525014074365
          },
          {
            "d_ang": 0.15,
            "e_qm": 2.299618362055009,
            "e_mm": 2.355556740760207,
            "pct_err": 2.4325070467436127
          }
        ]
      },
      {
        "mode_idx": 11,
        "freq_cm1": 1512.3904243106,
        "displacements": [
          {
            "d_ang": 0.05,
            "e_qm": 0.2555515068548282,
            "e_mm": 0.240174777767848,
            "pct_err": -6.017076274066064
          },
          {
            "d_ang": 0.1,
            "e_qm": 1.0222060274193128,
            "e_mm": 0.9924730101873678,
            "pct_err": -2.908710811166876
          },
          {
            "d_ang": 0.15,
            "e_qm": 2.299963561693454,
            "e_mm": 2.246723141954888,
            "pct_err": -2.3148375315722456
          }
        ]
      },
      {
        "mode_idx": 12,
        "freq_cm1": 3057.991909877029,
        "displacements": [
          {
            "d_ang": 0.05,
            "e_qm": 1.0166443999175416,
            "e_mm": 4.382761157503211,
            "pct_err": 331.100703240847
          },
          {
            "d_ang": 0.1,
            "e_qm": 4.0665775996701665,
            "e_mm": 10.74912347205887,
            "pct_err": 164.3284975781776
          },
          {
            "d_ang": 0.15,
            "e_qm": 9.149799599257873,
            "e_mm": 19.100434922131996,
            "pct_err": 108.75249468503337
          }
        ]
      },
      {
        "mode_idx": 13,
        "freq_cm1": 3145.066178768555,
        "displacements": [
          {
            "d_ang": 0.05,
            "e_qm": 1.162813298760443,
            "e_mm": 1.148356984040916,
            "pct_err": -1.2432189015156014
          },
          {
            "d_ang": 0.1,
            "e_qm": 4.651253195041772,
            "e_mm": 4.593248122869625,
            "pct_err": -1.2470848121959974
          },
          {
            "d_ang": 0.15,
            "e_qm": 10.465319688843982,
            "e_mm": 10.33412819847652,