{
  "metadata": {
    "backend": "Tinker",
    "optimizer": "Powell",
    "molecule": "CH3F",
    "timestamp": "2026-03-24T03:53:59.166097+00:00",
    "source": "q2mm",
    "optimizer_kwargs": {}
  },
  "qm_reference": {
    "frequencies_cm1": [
      1040.5813860717833,
      1191.7481438159166,
      1191.7596032972854,
      1495.2543826262465,
      1512.3024847909746,
      1512.3904361886512,
      3057.9919349402667,
      3145.0662046070593,
      3145.08792677519
    ],
    "level_of_theory": "B3LYP/6-31+G(d)"
  },
  "default_ff": {
    "frequencies_cm1": [
      105.189,
      105.189,
      110.111,
      163.364,
      166.173,
      166.174,
      346.877,
      361.451,
      361.452
    ],
    "rmsd": 1869.9707494674803,
    "mae": 1711.8002781237083,
    "param_values": [
      5.0,
      1.398635372383775,
      5.0,
      1.0940396626494566,
      0.5,
      108.43609414745065,
      0.5,
      110.48621469688054
    ]
  },
  "seminario": {
    "frequencies_cm1": [
      850.646,
      1141.57,
      1141.571,
      1657.778,
      1733.176,
      1733.182,
      2895.47,
      3020.438,
      3020.45
    ],
    "rmsd": 157.24726635546827,
    "mae": 145.1420995446255,
    "elapsed_s": 0.0014069410026422702,
    "param_values": [
      270.60918930118333,
      1.398635372383775,
      348.31336238406834,
      1.0940396626494566,
      59.62010839172108,
      108.43609414745065,
      54.65975104094709,
      110.48621469688054
    ]
  },
  "optimized": {
    "frequencies_cm1": [
      542.059,
      1040.569,
      1191.592,
      1191.601,
      1503.917,
      1503.922,
      1512.369,
      3056.799,
      3145.114,
      3145.127
    ],
    "rmsd": 553.8219224102663,
    "mae": 289.36584995144375,
    "elapsed_s": 2972.709298617003,
    "n_eval": 11314,
    "converged": true,
    "initial_score": 0.22254032498640824,
    "final_score": 0.00014675051880612012,
    "message": "Optimization terminated successfully.",
    "param_names": [
      "kb_C-F",
      "r0_C-F",
      "kb_C-H",
      "r0_C-H",
      "ka_F-C-H",
      "th0_F-C-H",
      "ka_H-C-H",
      "th0_H-C-H"
    ],
    "param_initial": [
      270.60918930118333,
      1.398635372383775,
      348.31336238406834,
      1.0940396626494566,
      59.62010839172108,
      108.43609414745065,
      54.65975104094709,
      110.48621469688054
    ],
    "param_final": [
      635.3802794115543,
      1.353656137787613,
      400.41001535207823,
      1.086595733955186,
      37.59418785486435,
      131.92187153233945,
      58.55756195777722,
      94.15312059239798
    ]
  },
  "pes_distortion": {
    "modes": [
      {
        "mode_idx": 6,
        "freq_cm1": 1040.5813769340564,
        "displacements": [
          {
            "d_ang": 0.05,
            "e_qm": 0.9757026106066686,
            "e_mm": -3.2364000000000033,
            "pct_err": -431.6994302175421
          },
          {
            "d_ang": 0.1,
            "e_qm": 3.9028104424266745,
            "e_mm": -2.714400000000005,
            "pct_err": -169.54988052948468
          },
          {
            "d_ang": 0.15,
            "e_qm": 8.781323495460015,
            "e_mm": 3.223399999999998,
            "pct_err": -63.292549219186476
          }
        ]
      },
      {
        "mode_idx": 7,
        "freq_cm1": 1191.7481351074805,
        "displacements": [
          {
            "d_ang": 0.05,
            "e_qm": 0.18702246320476434,
            "e_mm": 0.25799999999999557,
            "pct_err": 37.95134315898749
          },
          {
            "d_ang": 0.1,
            "e_qm": 0.7480898528190574,
            "e_mm": 1.035499999999999,
            "pct_err": 38.419201396447534
          },
          {
            "d_ang": 0.15,
            "e_qm": 1.6832021688428787,
            "e_mm": 2.3433999999999955,
            "pct_err": 39.222729353478165
          }
        ]
      },
      {
        "mode_idx": 8,
        "freq_cm1": 1191.759593455982,
        "displacements": [
          {
            "d_ang": 0.05,
            "e_qm": 0.1870142606746535,
            "e_mm": 0.2615999999999943,
            "pct_err": 39.8823806571076
          },
          {
            "d_ang": 0.1,
            "e_qm": 0.748057042698614,
            "e_mm": 1.0546999999999969,
            "pct_err": 40.99192171163434
          },
          {
            "d_ang": 0.15,
            "e_qm": 1.6831283460718816,
            "e_mm": 2.4013999999999953,
            "pct_err": 42.67479991079887
          }
        ]
      },
      {
        "mode_idx": 9,
        "freq_cm1": 1495.2543711438677,
        "displacements": [
          {
            "d_ang": 0.05,
            "e_qm": 0.2690756589081752,
            "e_mm": -6.493200000000005,
            "pct_err": -2513.1502739219814
          },
          {
            "d_ang": 0.1,
            "e_qm": 1.0763026356327008,
            "e_mm": -12.416800000000002,
            "pct_err": -1253.653218799453
          },
          {
            "d_ang": 0.15,
            "e_qm": 2.4216809301735767,
            "e_mm": -17.717600000000004,
            "pct_err": -831.6240458948519
          }
        ]
      },
      {
        "mode_idx": 10,
        "freq_cm1": 1512.3024772927852,
        "displacements": [
          {
            "d_ang": 0.05,
            "e_qm": 0.2555131513394454,
            "e_mm": 0.19819999999999993,
            "pct_err": -22.4306072071045
          },
          {
            "d_ang": 0.1,
            "e_qm": 1.0220526053577816,
            "e_mm": 0.7974999999999994,
            "pct_err": -21.970748294230404
          },
          {
            "d_ang": 0.15,
            "e_qm": 2.299618362055009,
            "e_mm": 1.8122999999999934,
            "pct_err": -21.191271129855345
          }
        ]
      },
      {
        "mode_idx": 11,
        "freq_cm1": 1512.3904243106,
        "displacements": [
          {
            "d_ang": 0.05,
            "e_qm": 0.2555515068548282,
            "e_mm": 0.1746999999999943,
            "pct_err": -31.638047394008684
          },
          {
            "d_ang": 0.1,
            "e_qm": 1.0222060274193128,
            "e_mm": 0.7056999999999931,
            "pct_err": -30.96303669998687
          },
          {
            "d_ang": 0.15,
            "e_qm": 2.299963561693454,
            "e_mm": 1.5660999999999987,
            "pct_err": -31.90761688211766
          }
        ]
      },
      {
        "mode_idx": 12,
        "freq_cm1": 3057.991909877029,
        "displacements": [
          {
            "d_ang": 0.05,
            "e_qm": 1.0166443999175416,
            "e_mm": 0.9224999999999994,
            "pct_err": -9.2603077265933
          },
          {
            "d_ang": 0.1,
            "e_qm": 4.0665775996701665,
            "e_mm": 4.332199999999993,
            "pct_err": 6.531841427331201
          },
          {
            "d_ang": 0.15,
            "e_qm": 9.149799599257873,
            "e_mm": 10.8037,
            "pct_err": 18.07581010710083
          }
        ]
      },
      {
        "mode_idx": 13,
        "freq_cm1": 3145.066178768555,
        "displacements": [
          {
            "d_ang": 0.05,
            "e_qm": 1.162813298760443,
            "e_mm": 1.1606999999999985,
            "pct_err": -0.1817401609267101
          },
          {
            "d_ang": 0.1,
            "e_qm": 4.651253195041772,
            "e_mm": 4.726999999999997,
            "pct_err": 1.6285246530756705
          },
          {
            "d_ang": 0.15,
            "e_qm": 10.465319688843982,
            "e_mm": 10.953299999999999,
            "pct_err": 4.66283234210421
          }
        ]
      },
      {
        "mode_idx": 14,
        "freq_cm1": 3145.0879009331857,
        "displacements": [
          {
            "d_ang": 0.05,
            "e_qm": 1.1628295315279034,
            "e_mm": 1.0932999999999993,