{
  "device": "cpu",
  "n_params": 8,
  "n_modes": 9,
  "jit_warmup_s": 0.2583686169818975,
  "per_eval_ms": 0.40016249811742455,
  "n_cycles": 2,
  "n_eval": 682,
  "opt_time_s": 0.7607464420143515,
  "initial_score": 0.001243248959146515,
  "final_score": 1.936860378956671e-05,
  "cycle_scores": [
    0.001243248959146515,
    1.936860378956671e-05,
    1.936860378956671e-05
  ]
}