{
  "metadata": {
    "backend": "OpenMM",
    "optimizer": "Powell",
    "molecule": "CH3F",
    "timestamp": "2026-03-24T14:04:24.905800+00:00",
    "source": "q2mm",
    "optimizer_kwargs": {}
  },
  "qm_reference": {
    "frequencies_cm1": [
      1040.5813860717833,
      1191.7481438159166,
      1191.7596032972854,
      1495.2543826262465,
      1512.3024847909746,
      1512.3904361886512,
      3057.9919349402667,
      3145.0662046070593,
      3145.08792677519
    ],
    "level_of_theory": "B3LYP/6-31+G(d)"
  },
  "default_ff": {
    "frequencies_cm1": [
      104.81020620878795,
      104.81023452471926,
      110.03762032778883,
      162.95830613943798,
      165.58641112716847,
      165.5866275349547,
      346.96812534896264,
      361.5531348775375,
      361.5539037064348
    ],
    "rmsd": 1870.0985847083632,
    "mae": 1712.0353259241756,
    "param_values": [
      5.0,
      1.398635372383775,
      5.0,
      1.0940396626494566,
      0.5,
      108.43609414745065,
      0.5,
      110.48621469688054
    ]
  },
  "seminario": {
    "frequencies_cm1": [
      851.0567516242714,
      1141.6383390702576,
      1141.6384146740077,
      1658.0252500455051,
      1733.2609946918187,
      1733.2645701533659,
      2896.711501854167,
      3021.820286331289,
      3021.8265570090725
    ],
    "rmsd": 156.85783171057955,
    "mae": 144.68298446991705,
    "elapsed_s": 0.0009069799998542294,
    "param_values": [
      270.60918930118333,
      1.398635372383775,
      348.31336238406834,
      1.0940396626494566,
      59.62010839172108,
      108.43609414745065,
      54.65975104094709,
      110.48621469688054
    ]
  },
  "optimized": {
    "frequencies_cm1": [
      1040.5817314536546,
      1191.7520092601894,
      1191.7555017284867,
      1503.7781350699402,
      1503.7789909083206,
      1512.3903465910544,
      3057.9914824788248,
      3145.0748023599676,
      3145.079974765507
    ],
    "rmsd": 4.018076833253986,
    "mae": 1.8969611714356536,
    "elapsed_s": 362.7174017940124,
    "n_eval": 13301,
    "converged": true,
    "initial_score": 0.2214394143205005,
    "final_score": 0.0001453044729413914,
    "message": "Optimization terminated successfully.",
    "param_names": [
      "kb_C-F",
      "r0_C-F",
      "kb_C-H",
      "r0_C-H",
      "ka_F-C-H",
      "th0_F-C-H",
      "ka_H-C-H",
      "th0_H-C-H"
    ],
    "param_initial": [
      270.60918930118333,
      1.398635372383775,
      348.31336238406834,
      1.0940396626494566,
      59.62010839172108,
      108.43609414745065,
      54.65975104094709,
      110.48621469688054
    ],
    "param_final": [
      45.85883867163762,
      1.8720564281562575,
      242.40535003443026,
      1.1558569690509004,
      34.97678729439624,
      135.62224316228085,
      63.63524875116107,
      101.59799529607939
    ]
  },
  "pes_distortion": {
    "modes": [
      {
        "mode_idx": 6,
        "freq_cm1": 1040.5813769340564,
        "displacements": [
          {
            "d_ang": 0.05,
            "e_qm": 0.9757026106066686,
            "e_mm": 9.176698638013818,
            "pct_err": 840.5220953860075
          },
          {
            "d_ang": 0.1,
            "e_qm": 3.9028104424266745,
            "e_mm": 21.248817036420206,
            "pct_err": 444.44911813877894
          },
          {
            "d_ang": 0.15,
            "e_qm": 8.781323495460015,
            "e_mm": 36.64631230563033,
            "pct_err": 317.32106014061145
          }
        ]
      },
      {
        "mode_idx": 7,
        "freq_cm1": 1191.7481351074805,
        "displacements": [
          {
            "d_ang": 0.05,
            "e_qm": 0.18702246320476434,
            "e_mm": 0.200262767482414,
            "pct_err": 7.0795261974243795
          },
          {
            "d_ang": 0.1,
            "e_qm": 0.7480898528190574,
            "e_mm": 0.803946097782628,
            "pct_err": 7.466515519905171
          },
          {
            "d_ang": 0.15,
            "e_qm": 1.6832021688428787,
            "e_mm": 1.819553828952479,
            "pct_err": 8.100729825184082
          }
        ]
      },
      {
        "mode_idx": 8,
        "freq_cm1": 1191.759593455982,
        "displacements": [
          {
            "d_ang": 0.05,
            "e_qm": 0.1870142606746535,
            "e_mm": 0.20226308495024625,
            "pct_err": 8.153829670840432
          },
          {
            "d_ang": 0.1,
            "e_qm": 0.748057042698614,
            "e_mm": 0.8136907896219299,
            "pct_err": 8.77389599682697
          },
          {
            "d_ang": 0.15,
            "e_qm": 1.6831283460718816,
            "e_mm": 1.8483039843201539,
            "pct_err": 9.813609201803446
          }
        ]
      },
      {
        "mode_idx": 9,
        "freq_cm1": 1495.2543711438677,
        "displacements": [
          {
            "d_ang": 0.05,
            "e_qm": 0.2690756589081752,
            "e_mm": -5.586056017415487,
            "pct_err": -2176.0168497150407
          },
          {
            "d_ang": 0.1,
            "e_qm": 1.0763026356327008,
            "e_mm": -10.575809066722933,
            "pct_err": -1082.605516013252
          },
          {
            "d_ang": 0.15,
            "e_qm": 2.4216809301735767,
            "e_mm": -14.890655756248115,
            "pct_err": -714.8892519536341
          }
        ]
      },
      {
        "mode_idx": 10,
        "freq_cm1": 1512.3024772927852,
        "displacements": [
          {
            "d_ang": 0.05,
            "e_qm": 0.2555131513394454,
            "e_mm": 0.24919527030297672,
            "pct_err": -2.4726246000838823
          },
          {
            "d_ang": 0.1,
            "e_qm": 1.0220526053577816,
            "e_mm": 0.9982722770209449,
            "pct_err": -2.3267225397377813
          },
          {
            "d_ang": 0.15,
            "e_qm": 2.299618362055009,
            "e_mm": 2.2515509185735283,
            "pct_err": -2.0902356788682965
          }
        ]
      },
      {
        "mode_idx": 11,
        "freq_cm1": 1512.3904243106,
        "displacements": [
          {
            "d_ang": 0.05,
            "e_qm": 0.2555515068548282,
            "e_mm": 0.2251358538823638,
            "pct_err": -11.901965809868106
          },
          {
            "d_ang": 0.1,
            "e_qm": 1.0222060274193128,
            "e_mm": 0.8890150486771091,
            "pct_err": -13.02975869536408
          },
          {
            "d_ang": 0.15,
            "e_qm": 2.299963561693454,
            "e_mm": 1.9354737667013637,
            "pct_err": -15.847633460928304
          }
        ]
      },
      {
        "mode_idx": 12,
        "freq_cm1": 3057.991909877029,
        "displacements": [
          {
            "d_ang": 0.05,
            "e_qm": 1.0166443999175416,
            "e_mm": 4.314952979022806,
            "pct_err": 324.4309002609747
          },
          {
            "d_ang": 0.1,
            "e_qm": 4.0665775996701665,
            "e_mm": 11.03922966597446,
            "pct_err": 171.46241268996894
          },
          {
            "d_ang": 0.15,
            "e_qm": 9.149799599257873,
            "e_mm": 20.638318963612207,
            "pct_err": 125.56033866890539
          }
        ]
      },
      {
        "mode_idx": 13,
        "freq_cm1": 3145.066178768555,
        "displacements": [
          {
            "d_ang": 0.05,
            "e_qm": 1.162813298760443,
            "e_mm": 1.1561847300840356,
            "pct_err": -0.5700458262279438
          },
          {
            "d_ang": 0.1,
            "e_qm": 4.651253195041772,
            "e_mm": 4.675905944424088,
            "pct_err": 0.5300238096819943
          },
          {
            "d_ang": 0.15,
            "e_qm": 10.465319688843982,
            "e_mm": 10.712627523503514,