{
  "metadata": {
    "backend": "JAX-MD (OPLSAA)",
    "optimizer": "Powell",
    "molecule": "CH3F",
    "timestamp": "2026-03-24T14:33:05.807257+00:00",
    "source": "q2mm",
    "optimizer_kwargs": {}
  },
  "qm_reference": {
    "frequencies_cm1": [
      1040.5813860717833,
      1191.7481438159166,
      1191.7596032972854,
      1495.2543826262465,
      1512.3024847909746,
      1512.3904361886512,
      3057.9919349402667,
      3145.0662046070593,
      3145.08792677519
    ],
    "level_of_theory": "B3LYP/6-31+G(d)"
  },
  "default_ff": {
    "frequencies_cm1": [
      104.81024896825566,
      104.81060268135893,
      110.037342322897,
      162.95826471942038,
      165.58668641049243,
      165.5867936956528,
      346.9676002677185,
      361.55291610291056,
      361.55297875783674
    ],
    "rmsd": 1870.0988181074129,
    "mae": 1712.0354521318702,
    "param_values": [
      5.0,
      1.398635372383775,
      5.0,
      1.0940396626494566,
      0.5,
      108.43609414745065,
      0.5,
      110.48621469688054
    ]
  },
  "seminario": {
    "frequencies_cm1": [
      851.0537821819522,
      1141.6376479981168,
      1141.6417784251737,
      1658.025707031359,
      1733.263767236486,
      1733.264593690257,
      2896.7070519318886,
      3021.8183227411428,
      3021.8188029907415
    ],
    "rmsd": 156.85998264123913,
    "mae": 144.68495306563506,
    "elapsed_s": 0.0008609590004198253,
    "param_values": [
      270.60918930118333,
      1.398635372383775,
      348.31336238406834,
      1.0940396626494566,
      59.62010839172108,
      108.43609414745065,
      54.65975104094709,
      110.48621469688054
    ]
  },
  "optimized": {
    "frequencies_cm1": [
      1040.5813866723813,
      1191.7526901824506,
      1191.7550559072279,
      1495.2543821818535,
      1512.3461998583773,
      1512.3467211307843,
      3057.991934850691,
      3145.076930258052,
      3145.077199900939
    ],
    "rmsd": 0.021326736032778494,
    "mae": 0.013108615741303866,
    "elapsed_s": 1.7578711790119996,
    "n_eval": 2612,
    "converged": true,
    "initial_score": 0.22144548738788855,
    "final_score": 4.093467028306314e-09,
    "message": "Optimization terminated successfully.",
    "param_names": [
      "kb_C-F",
      "r0_C-F",
      "kb_C-H",
      "r0_C-H",
      "ka_F-C-H",
      "th0_F-C-H",
      "ka_H-C-H",
      "th0_H-C-H"
    ],
    "param_initial": [
      270.60918930118333,
      1.398635372383775,
      348.31336238406834,
      1.0940396626494566,
      59.62010839172108,
      108.43609414745065,
      54.65975104094709,
      110.48621469688054
    ],
    "param_final": [
      450.07983585710764,
      1.2058682522543291,
      376.38260832811693,
      1.1354344042542073,
      71.27918857190275,
      138.90284109504103,
      41.342223568670455,
      106.87297038831805
    ]
  },
  "pes_distortion": {
    "modes": [
      {
        "mode_idx": 6,
        "freq_cm1": 1040.5813769340564,
        "displacements": [
          {
            "d_ang": 0.05,
            "e_qm": 0.9757026106066686,
            "e_mm": -10.405790547997185,
            "pct_err": -1166.4920268612495
          },
          {
            "d_ang": 0.1,
            "e_qm": 3.9028104424266745,
            "e_mm": -18.292072102257016,
            "pct_err": -568.6897396657431
          },
          {
            "d_ang": 0.15,
            "e_qm": 8.781323495460015,
            "e_mm": -23.65597392315447,
            "pct_err": -369.3896191773907
          }
        ]
      },
      {
        "mode_idx": 7,
        "freq_cm1": 1191.7481351074805,
        "displacements": [
          {
            "d_ang": 0.05,
            "e_qm": 0.18702246320476434,
            "e_mm": 0.18447344618141415,
            "pct_err": -1.3629469849081004
          },
          {
            "d_ang": 0.1,
            "e_qm": 0.7480898528190574,
            "e_mm": 0.7398700773733253,
            "pct_err": -1.098768472096919
          },
          {
            "d_ang": 0.15,
            "e_qm": 1.6832021688428787,
            "e_mm": 1.6720922712382844,
            "pct_err": -0.6600453475075884
          }
        ]
      },
      {
        "mode_idx": 8,
        "freq_cm1": 1191.759593455982,
        "displacements": [
          {
            "d_ang": 0.05,
            "e_qm": 0.1870142606746535,
            "e_mm": 0.18489287478124083,
            "pct_err": -1.1343444536046388
          },
          {
            "d_ang": 0.1,
            "e_qm": 0.748057042698614,
            "e_mm": 0.7291457218933175,
            "pct_err": -2.5280586540665277
          },
          {
            "d_ang": 0.15,
            "e_qm": 1.6831283460718816,
            "e_mm": 1.6273664390668614,
            "pct_err": -3.3129919732596984
          }
        ]
      },
      {
        "mode_idx": 9,
        "freq_cm1": 1495.2543711438677,
        "displacements": [
          {
            "d_ang": 0.05,
            "e_qm": 0.2690756589081752,
            "e_mm": -7.9942003167560785,
            "pct_err": -3070.986059903761
          },
          {
            "d_ang": 0.1,
            "e_qm": 1.0763026356327008,
            "e_mm": -15.40354172681883,
            "pct_err": -1531.1533965318138
          },
          {
            "d_ang": 0.15,
            "e_qm": 2.4216809301735767,
            "e_mm": -22.16260512219202,
            "pct_err": -1015.1744495342534
          }
        ]
      },
      {
        "mode_idx": 10,
        "freq_cm1": 1512.3024772927852,
        "displacements": [
          {
            "d_ang": 0.05,
            "e_qm": 0.2555131513394454,
            "e_mm": 0.2614805512013021,
            "pct_err": 2.335457032475436
          },
          {
            "d_ang": 0.1,
            "e_qm": 1.0220526053577816,
            "e_mm": 1.0462942111984717,
            "pct_err": 2.3718550017495383
          },
          {
            "d_ang": 0.15,
            "e_qm": 2.299618362055009,
            "e_mm": 2.355556799642585,
            "pct_err": 2.432509607271875
          }
        ]
      },
      {
        "mode_idx": 11,
        "freq_cm1": 1512.3904243106,
        "displacements": [
          {
            "d_ang": 0.05,
            "e_qm": 0.2555515068548282,
            "e_mm": 0.240174793835763,
            "pct_err": -6.017069986521452
          },
          {
            "d_ang": 0.1,
            "e_qm": 1.0222060274193128,
            "e_mm": 0.9924730575379499,
            "pct_err": -2.9087061789713253
          },
          {
            "d_ang": 0.15,
            "e_qm": 2.299963561693454,
            "e_mm": 2.2467232391671814,
            "pct_err": -2.3148333048838348
          }
        ]
      },
      {
        "mode_idx": 12,
        "freq_cm1": 3057.991909877029,
        "displacements": [
          {
            "d_ang": 0.05,
            "e_qm": 1.0166443999175416,
            "e_mm": 4.3827553705345395,
            "pct_err": 331.10013401834675
          },
          {
            "d_ang": 0.1,
            "e_qm": 4.0665775996701665,
            "e_mm": 10.749111909417564,
            "pct_err": 164.328213244705
          },
          {
            "d_ang": 0.15,
            "e_qm": 9.149799599257873,
            "e_mm": 19.100417594822773,
            "pct_err": 108.75230531138604
          }
        ]
      },
      {
        "mode_idx": 13,
        "freq_cm1": 3145.066178768555,
        "displacements": [
          {
            "d_ang": 0.05,
            "e_qm": 1.162813298760443,
            "e_mm": 1.1483569881358022,
            "pct_err": -1.2432185493622323
          },
          {
            "d_ang": 0.1,
            "e_qm": 4.651253195041772,
            "e_mm": 4.5932481392651425,
            "pct_err": -1.2470844596992154
          },
          {
            "d_ang": 0.15,
            "e_qm": 10.465319688843982,
            "e_mm": 10.334128235426718,