{
  "metadata": {
    "backend": "JAX-MD (OPLSAA)",
    "optimizer": "L-BFGS-B",
    "molecule": "CH3F",
    "timestamp": "2026-03-24T14:32:40.009395+00:00",
    "source": "q2mm",
    "optimizer_kwargs": {}
  },
  "qm_reference": {
    "frequencies_cm1": [
      1040.5813860717833,
      1191.7481438159166,
      1191.7596032972854,
      1495.2543826262465,
      1512.3024847909746,
      1512.3904361886512,
      3057.9919349402667,
      3145.0662046070593,
      3145.08792677519
    ],
    "level_of_theory": "B3LYP/6-31+G(d)"
  },
  "default_ff": {
    "frequencies_cm1": [
      104.81024896825566,
      104.81060268135893,
      110.037342322897,
      162.95826471942038,
      165.58668641049243,
      165.5867936956528,
      346.9676002677185,
      361.55291610291056,
      361.55297875783674
    ],
    "rmsd": 1870.0988181074129,
    "mae": 1712.0354521318702,
    "param_values": [
      5.0,
      1.398635372383775,
      5.0,
      1.0940396626494566,
      0.5,
      108.43609414745065,
      0.5,
      110.48621469688054
    ]
  },
  "seminario": {
    "frequencies_cm1": [
      851.0537821819522,
      1141.6376479981168,
      1141.6417784251737,
      1658.025707031359,
      1733.263767236486,
      1733.264593690257,
      2896.7070519318886,
      3021.8183227411428,
      3021.8188029907415
    ],
    "rmsd": 156.85998264123913,
    "mae": 144.68495306563506,
    "elapsed_s": 0.0010732040100265294,
    "param_values": [
      270.60918930118333,
      1.398635372383775,
      348.31336238406834,
      1.0940396626494566,
      59.62010839172108,
      108.43609414745065,
      54.65975104094709,
      110.48621469688054
    ]
  },
  "optimized": {
    "frequencies_cm1": [
      556.123413495265,
      556.1239743500016,
      849.8339707428955,
      1191.1565648641026,
      1191.1605637260561,
      1479.7161383372074,
      1479.7163877862042,
      1575.9634227578108,
      2921.8548718533616,
      3054.1284854661794,
      3054.129082235965
    ],
    "rmsd": 813.4409912173641,
    "mae": 610.0592439111631,
    "elapsed_s": 0.8582986499968683,
    "n_eval": 370,
    "converged": true,
    "initial_score": 0.22144548738788855,
    "final_score": 0.0768065807520125,
    "message": "CONVERGENCE: RELATIVE REDUCTION OF F <= FACTR*EPSMCH",
    "param_names": [
      "kb_C-F",
      "r0_C-F",
      "kb_C-H",
      "r0_C-H",
      "ka_F-C-H",
      "th0_F-C-H",
      "ka_H-C-H",
      "th0_H-C-H"
    ],
    "param_initial": [
      270.60918930118333,
      1.398635372383775,
      348.31336238406834,
      1.0940396626494566,
      59.62010839172108,
      108.43609414745065,
      54.65975104094709,
      110.48621469688054
    ],
    "param_final": [
      272.0345555729227,
      0.5,
      354.6530210611551,
      1.1209927432676219,
      66.03523493970047,
      109.26764157154413,
      42.59312991033655,
      112.71775554113124
    ]
  },
  "pes_distortion": {
    "modes": [
      {
        "mode_idx": 6,
        "freq_cm1": 1040.5813769340564,
        "displacements": [
          {
            "d_ang": 0.05,
            "e_qm": 0.9757026106066686,
            "e_mm": -24.782412243465615,
            "pct_err": -2639.9555124749027
          },
          {
            "d_ang": 0.1,
            "e_qm": 3.9028104424266745,
            "e_mm": -48.015028501251265,
            "pct_err": -1330.2680135137864
          },
          {
            "d_ang": 0.15,
            "e_qm": 8.781323495460015,
            "e_mm": -69.6956745885955,
            "pct_err": -893.6807546678867
          }
        ]
      },
      {
        "mode_idx": 7,
        "freq_cm1": 1191.7481351074805,
        "displacements": [
          {
            "d_ang": 0.05,
            "e_qm": 0.18702246320476434,
            "e_mm": 0.1793008245051908,
            "pct_err": -4.128722596878317
          },
          {
            "d_ang": 0.1,
            "e_qm": 0.7480898528190574,
            "e_mm": 0.7190490212922214,
            "pct_err": -3.8819977864156643
          },
          {
            "d_ang": 0.15,
            "e_qm": 1.6832021688428787,
            "e_mm": 1.6247557647899953,
            "pct_err": -3.4723341696418135
          }
        ]
      },
      {
        "mode_idx": 8,
        "freq_cm1": 1191.759593455982,
        "displacements": [
          {
            "d_ang": 0.05,
            "e_qm": 0.1870142606746535,
            "e_mm": 0.17918409400886048,
            "pct_err": -4.186935604560688
          },
          {
            "d_ang": 0.1,
            "e_qm": 0.748057042698614,
            "e_mm": 0.7093887662450982,
            "pct_err": -5.169161473838956
          },
          {
            "d_ang": 0.15,
            "e_qm": 1.6831283460718816,
            "e_mm": 1.5868801314537109,
            "pct_err": -5.718412077296225
          }
        ]
      },
      {
        "mode_idx": 9,
        "freq_cm1": 1495.2543711438677,
        "displacements": [
          {
            "d_ang": 0.05,
            "e_qm": 0.2690756589081752,
            "e_mm": -1.7150715585218563,
            "pct_err": -737.3937967786011
          },
          {
            "d_ang": 0.1,
            "e_qm": 1.0763026356327008,
            "e_mm": -2.8113497617914334,
            "pct_err": -361.20439258599333
          },
          {
            "d_ang": 0.15,
            "e_qm": 2.4216809301735767,
            "e_mm": -3.241327263353412,
            "pct_err": -233.8461736625678
          }
        ]
      },
      {
        "mode_idx": 10,
        "freq_cm1": 1512.3024772927852,
        "displacements": [
          {
            "d_ang": 0.05,
            "e_qm": 0.2555131513394454,
            "e_mm": 0.24587294155887207,
            "pct_err": -3.7728820336791444
          },
          {
            "d_ang": 0.1,
            "e_qm": 1.0220526053577816,
            "e_mm": 0.983907601868367,
            "pct_err": -3.7321957098344773
          },
          {
            "d_ang": 0.15,
            "e_qm": 2.299618362055009,
            "e_mm": 2.215347940588998,
            "pct_err": -3.6645394234330255
          }
        ]
      },
      {
        "mode_idx": 11,
        "freq_cm1": 1512.3904243106,
        "displacements": [
          {
            "d_ang": 0.05,
            "e_qm": 0.2555515068548282,
            "e_mm": 0.23978571265652704,
            "pct_err": -6.169321555696116
          },
          {
            "d_ang": 0.1,
            "e_qm": 1.0222060274193128,
            "e_mm": 0.9631306895135197,
            "pct_err": -5.779200701343565
          },
          {
            "d_ang": 0.15,
            "e_qm": 2.299963561693454,
            "e_mm": 2.1625614751794444,
            "pct_err": -5.974098407578289
          }
        ]
      },
      {
        "mode_idx": 12,
        "freq_cm1": 3057.991909877029,
        "displacements": [
          {
            "d_ang": 0.05,
            "e_qm": 1.0166443999175416,
            "e_mm": 3.540141843627822,
            "pct_err": 248.21829972357662
          },
          {
            "d_ang": 0.1,
            "e_qm": 4.0665775996701665,
            "e_mm": 8.931276334358444,
            "pct_err": 119.62635940066274
          },
          {
            "d_ang": 0.15,
            "e_qm": 9.149799599257873,
            "e_mm": 16.173192257604143,
            "pct_err": 76.76007088631674
          }
        ]
      },
      {
        "mode_idx": 13,
        "freq_cm1": 3145.066178768555,
        "displacements": [
          {
            "d_ang": 0.05,
            "e_qm": 1.162813298760443,
            "e_mm": 1.0934446122979011,
            "pct_err": -5.965591082978557
          },
          {
            "d_ang": 0.1,
            "e_qm": 4.651253195041772,
            "e_mm": 4.373757039832299,
            "pct_err": -5.966051375256963
          },
          {
            "d_ang": 0.15,
            "e_qm": 10.465319688843982,
            "e_mm": 9.840873218165257,