{
  "metadata": {
    "backend": "JAX (harmonic)",
    "optimizer": "L-BFGS-B",
    "molecule": "CH3F",
    "timestamp": "2026-03-24T14:32:27.433181+00:00",
    "source": "q2mm",
    "optimizer_kwargs": {}
  },
  "qm_reference": {
    "frequencies_cm1": [
      1040.5813860717833,
      1191.7481438159166,
      1191.7596032972854,
      1495.2543826262465,
      1512.3024847909746,
      1512.3904361886512,
      3057.9919349402667,
      3145.0662046070593,
      3145.08792677519
    ],
    "level_of_theory": "B3LYP/6-31+G(d)"
  },
  "default_ff": {
    "frequencies_cm1": [
      104.8102489682562,
      104.81060268135863,
      110.03734232289709,
      162.95826471942047,
      165.5866864104922,
      165.58679369565328,
      346.9676002677185,
      361.5529161029106,
      361.55297875783685
    ],
    "rmsd": 1870.0988181074129,
    "mae": 1712.03545213187,
    "param_values": [
      5.0,
      1.398635372383775,
      5.0,
      1.0940396626494566,
      0.5,
      108.43609414745065,
      0.5,
      110.48621469688054
    ]
  },
  "seminario": {
    "frequencies_cm1": [
      851.0537821819534,
      1141.6376479981188,
      1141.6417784251753,
      1658.02570703136,
      1733.2637672364856,
      1733.26459369026,
      2896.707051931888,
      3021.8183227411414,
      3021.818802990742
    ],
    "rmsd": 156.8599826412395,
    "mae": 144.6849530656351,
    "elapsed_s": 0.0009453410020796582,
    "param_values": [
      270.60918930118333,
      1.398635372383775,
      348.31336238406834,
      1.0940396626494566,
      59.62010839172108,
      108.43609414745065,
      54.65975104094709,
      110.48621469688054
    ]
  },
  "optimized": {
    "frequencies_cm1": [
      556.1234055534685,
      556.1239664083074,
      849.8339697791853,
      1191.1565478168845,
      1191.1605466787196,
      1479.716164368505,
      1479.7164138176959,
      1575.9634112699812,
      2921.854866701646,
      3054.128479943488,
      3054.1290767132614
    ],
    "rmsd": 813.440990824486,
    "mae": 610.0592456354423,
    "elapsed_s": 0.5639569220074918,
    "n_eval": 406,
    "converged": true,
    "initial_score": 0.2214454873878896,
    "final_score": 0.07680658060593497,
    "message": "CONVERGENCE: RELATIVE REDUCTION OF F <= FACTR*EPSMCH",
    "param_names": [
      "kb_C-F",
      "r0_C-F",
      "kb_C-H",
      "r0_C-H",
      "ka_F-C-H",
      "th0_F-C-H",
      "ka_H-C-H",
      "th0_H-C-H"
    ],
    "param_initial": [
      270.60918930118333,
      1.398635372383775,
      348.31336238406834,
      1.0940396626494566,
      59.62010839172108,
      108.43609414745065,
      54.65975104094709,
      110.48621469688054
    ],
    "param_final": [
      272.0345552527373,
      0.5,
      354.65301978038934,
      1.1209927462408553,
      66.03523365080548,
      109.26764140317255,
      42.59313194345548,
      112.71775482235806
    ]
  },
  "pes_distortion": {
    "modes": [
      {
        "mode_idx": 6,
        "freq_cm1": 1040.5813769340564,
        "displacements": [
          {
            "d_ang": 0.05,
            "e_qm": 0.9757026106066686,
            "e_mm": -24.782412237131922,
            "pct_err": -2639.955511825761
          },
          {
            "d_ang": 0.1,
            "e_qm": 3.9028104424266745,
            "e_mm": -48.015028491172785,
            "pct_err": -1330.26801325555
          },
          {
            "d_ang": 0.15,
            "e_qm": 8.781323495460015,
            "e_mm": -69.69567457725651,
            "pct_err": -893.6807545387605
          }
        ]
      },
      {
        "mode_idx": 7,
        "freq_cm1": 1191.7481351074805,
        "displacements": [
          {
            "d_ang": 0.05,
            "e_qm": 0.18702246320476434,
            "e_mm": 0.17930081781958052,
            "pct_err": -4.128726171641569
          },
          {
            "d_ang": 0.1,
            "e_qm": 0.7480898528190574,
            "e_mm": 0.7190489945885759,
            "pct_err": -3.8820013559929576
          },
          {
            "d_ang": 0.15,
            "e_qm": 1.6832021688428787,
            "e_mm": 1.6247557048529302,
            "pct_err": -3.4723377305370047
          }
        ]
      },
      {
        "mode_idx": 8,
        "freq_cm1": 1191.759593455982,
        "displacements": [
          {
            "d_ang": 0.05,
            "e_qm": 0.1870142606746535,
            "e_mm": 0.17918408731600266,
            "pct_err": -4.186939183356123
          },
          {
            "d_ang": 0.1,
            "e_qm": 0.748057042698614,
            "e_mm": 0.7093887394176761,
            "pct_err": -5.169165060119217
          },
          {
            "d_ang": 0.15,
            "e_qm": 1.6831283460718816,
            "e_mm": 1.5868800710639164,
            "pct_err": -5.718415665245691
          }
        ]
      },
      {
        "mode_idx": 9,
        "freq_cm1": 1495.2543711438677,
        "displacements": [
          {
            "d_ang": 0.05,
            "e_qm": 0.2690756589081752,
            "e_mm": -1.7150716057177533,
            "pct_err": -737.393814318611
          },
          {
            "d_ang": 0.1,
            "e_qm": 1.0763026356327008,
            "e_mm": -2.8113498621690383,
            "pct_err": -361.20440191214396
          },
          {
            "d_ang": 0.15,
            "e_qm": 2.4216809301735767,
            "e_mm": -3.2413274203433105,
            "pct_err": -233.8461801452508
          }
        ]
      },
      {
        "mode_idx": 10,
        "freq_cm1": 1512.3024772927852,
        "displacements": [
          {
            "d_ang": 0.05,
            "e_qm": 0.2555131513394454,
            "e_mm": 0.24587295068218395,
            "pct_err": -3.7728784630950725
          },
          {
            "d_ang": 0.1,
            "e_qm": 1.0220526053577816,
            "e_mm": 0.9839076382349958,
            "pct_err": -3.732192151639074
          },
          {
            "d_ang": 0.15,
            "e_qm": 2.299618362055009,
            "e_mm": 2.2153480219400308,
            "pct_err": -3.6645358858446184
          }
        ]
      },
      {
        "mode_idx": 11,
        "freq_cm1": 1512.3904243106,
        "displacements": [
          {
            "d_ang": 0.05,
            "e_qm": 0.2555515068548282,
            "e_mm": 0.23978572160839917,
            "pct_err": -6.169318052734133
          },
          {
            "d_ang": 0.1,
            "e_qm": 1.0222060274193128,
            "e_mm": 0.9631307251140697,
            "pct_err": -5.779197218625883
          },
          {
            "d_ang": 0.15,
            "e_qm": 2.299963561693454,
            "e_mm": 2.1625615543122763,
            "pct_err": -5.974094966965874
          }
        ]
      },
      {
        "mode_idx": 12,
        "freq_cm1": 3057.991909877029,
        "displacements": [
          {
            "d_ang": 0.05,
            "e_qm": 1.0166443999175416,
            "e_mm": 3.540142021310544,
            "pct_err": 248.21831720094843
          },
          {
            "d_ang": 0.1,
            "e_qm": 4.0665775996701665,
            "e_mm": 8.93127668312593,
            "pct_err": 119.62636797710022
          },
          {
            "d_ang": 0.15,
            "e_qm": 9.149799599257873,
            "e_mm": 16.17319277087526,
            "pct_err": 76.76007649596002
          }
        ]
      },
      {
        "mode_idx": 13,
        "freq_cm1": 3145.066178768555,
        "displacements": [
          {
            "d_ang": 0.05,
            "e_qm": 1.162813298760443,
            "e_mm": 1.0934446082612226,
            "pct_err": -5.965591430126165
          },
          {
            "d_ang": 0.1,
            "e_qm": 4.651253195041772,
            "e_mm": 4.373757023685073,
            "pct_err": -5.966051722415569
          },
          {
            "d_ang": 0.15,
            "e_qm": 10.465319688843982,
            "e_mm": 9.84087318183012,