{
  "metadata": {
    "backend": "JAX (harmonic)",
    "optimizer": "Powell",
    "molecule": "CH3F",
    "timestamp": "2026-03-24T14:32:35.365822+00:00",
    "source": "q2mm",
    "optimizer_kwargs": {}
  },
  "qm_reference": {
    "frequencies_cm1": [
      1040.5813860717833,
      1191.7481438159166,
      1191.7596032972854,
      1495.2543826262465,
      1512.3024847909746,
      1512.3904361886512,
      3057.9919349402667,
      3145.0662046070593,
      3145.08792677519
    ],
    "level_of_theory": "B3LYP/6-31+G(d)"
  },
  "default_ff": {
    "frequencies_cm1": [
      104.8102489682562,
      104.81060268135863,
      110.03734232289709,
      162.95826471942047,
      165.5866864104922,
      165.58679369565328,
      346.9676002677185,
      361.5529161029106,
      361.55297875783685
    ],
    "rmsd": 1870.0988181074129,
    "mae": 1712.03545213187,
    "param_values": [
      5.0,
      1.398635372383775,
      5.0,
      1.0940396626494566,
      0.5,
      108.43609414745065,
      0.5,
      110.48621469688054
    ]
  },
  "seminario": {
    "frequencies_cm1": [
      851.0537821819534,
      1141.6376479981188,
      1141.6417784251753,
      1658.02570703136,
      1733.2637672364856,
      1733.26459369026,
      2896.707051931888,
      3021.8183227411414,
      3021.818802990742
    ],
    "rmsd": 156.8599826412395,
    "mae": 144.6849530656351,
    "elapsed_s": 0.0009252610034309328,
    "param_values": [
      270.60918930118333,
      1.398635372383775,
      348.31336238406834,
      1.0940396626494566,
      59.62010839172108,
      108.43609414745065,
      54.65975104094709,
      110.48621469688054
    ]
  },
  "optimized": {
    "frequencies_cm1": [
      1040.581386715845,
      1191.752690256228,
      1191.7550559772858,
      1495.2543821776721,
      1512.346199922442,
      1512.3467211964085,
      3057.9919348784038,
      3145.07693012746,
      3145.0771997702254
    ],
    "rmsd": 0.021326735773265434,
    "mae": 0.013108618209520905,
    "elapsed_s": 1.3527890179975657,
    "n_eval": 2565,
    "converged": true,
    "initial_score": 0.2214454873878896,
    "final_score": 4.093466928684116e-09,
    "message": "Optimization terminated successfully.",
    "param_names": [
      "kb_C-F",
      "r0_C-F",
      "kb_C-H",
      "r0_C-H",
      "ka_F-C-H",
      "th0_F-C-H",
      "ka_H-C-H",
      "th0_H-C-H"
    ],
    "param_initial": [
      270.60918930118333,
      1.398635372383775,
      348.31336238406834,
      1.0940396626494566,
      59.62010839172108,
      108.43609414745065,
      54.65975104094709,
      110.48621469688054
    ],
    "param_final": [
      450.0798328582728,
      1.2058674187712002,
      376.3826049910789,
      1.1354344549228328,
      71.27918418190121,
      138.90285761031973,
      41.34222822442978,
      106.87298552810078
    ]
  },
  "pes_distortion": {
    "modes": [
      {
        "mode_idx": 6,
        "freq_cm1": 1040.5813769340564,
        "displacements": [
          {
            "d_ang": 0.05,
            "e_qm": 0.9757026106066686,
            "e_mm": -10.405830298189755,
            "pct_err": -1166.496100868241
          },
          {
            "d_ang": 0.1,
            "e_qm": 3.9028104424266745,
            "e_mm": -18.2921516161748,
            "pct_err": -568.6917770159797
          },
          {
            "d_ang": 0.15,
            "e_qm": 8.781323495460015,
            "e_mm": -23.656093214488166,
            "pct_err": -369.3909776438424
          }
        ]
      },
      {
        "mode_idx": 7,
        "freq_cm1": 1191.7481351074805,
        "displacements": [
          {
            "d_ang": 0.05,
            "e_qm": 0.18702246320476434,
            "e_mm": 0.18447342943861145,
            "pct_err": -1.362955937203142
          },
          {
            "d_ang": 0.1,
            "e_qm": 0.7480898528190574,
            "e_mm": 0.7398700105249105,
            "pct_err": -1.0987774079773553
          },
          {
            "d_ang": 0.15,
            "e_qm": 1.6832021688428787,
            "e_mm": 1.6720921212955204,
            "pct_err": -0.6600542556926394
          }
        ]
      },
      {
        "mode_idx": 8,
        "freq_cm1": 1191.759593455982,
        "displacements": [
          {
            "d_ang": 0.05,
            "e_qm": 0.1870142606746535,
            "e_mm": 0.18489286050341036,
            "pct_err": -1.1343520882258822
          },
          {
            "d_ang": 0.1,
            "e_qm": 0.748057042698614,
            "e_mm": 0.7291456586842884,
            "pct_err": -2.528067103827109
          },
          {
            "d_ang": 0.15,
            "e_qm": 1.6831283460718816,
            "e_mm": 1.6273662914611577,
            "pct_err": -3.3130007429832906
          }
        ]
      },
      {
        "mode_idx": 9,
        "freq_cm1": 1495.2543711438677,
        "displacements": [
          {
            "d_ang": 0.05,
            "e_qm": 0.2690756589081752,
            "e_mm": -7.994205059771815,
            "pct_err": -3070.9878226108585
          },
          {
            "d_ang": 0.1,
            "e_qm": 1.0763026356327008,
            "e_mm": -15.40355119796456,
            "pct_err": -1531.1542765023182
          },
          {
            "d_ang": 0.15,
            "e_qm": 2.4216809301735767,
            "e_mm": -22.16261930960725,
            "pct_err": -1015.1750353841503
          }
        ]
      },
      {
        "mode_idx": 10,
        "freq_cm1": 1512.3024772927852,
        "displacements": [
          {
            "d_ang": 0.05,
            "e_qm": 0.2555131513394454,
            "e_mm": 0.2614805429170701,
            "pct_err": 2.335453790281473
          },
          {
            "d_ang": 0.1,
            "e_qm": 1.0220526053577816,
            "e_mm": 1.0462941778215935,
            "pct_err": 2.371851736078283
          },
          {
            "d_ang": 0.15,
            "e_qm": 2.299618362055009,
            "e_mm": 2.3555567236530237,
            "pct_err": 2.4325063028296
          }
        ]
      },
      {
        "mode_idx": 11,
        "freq_cm1": 1512.3904243106,
        "displacements": [
          {
            "d_ang": 0.05,
            "e_qm": 0.2555515068548282,
            "e_mm": 0.24017477416614952,
            "pct_err": -6.017077683448673
          },
          {
            "d_ang": 0.1,
            "e_qm": 1.0222060274193128,
            "e_mm": 0.9924729993829544,
            "pct_err": -2.9087118681371025
          },
          {
            "d_ang": 0.15,
            "e_qm": 2.299963561693454,
            "e_mm": 2.246723120996208,
            "pct_err": -2.314838442833645
          }
        ]
      },
      {
        "mode_idx": 12,
        "freq_cm1": 3057.991909877029,
        "displacements": [
          {
            "d_ang": 0.05,
            "e_qm": 1.0166443999175416,
            "e_mm": 4.382760195604618,
            "pct_err": 331.10060862579843
          },
          {
            "d_ang": 0.1,
            "e_qm": 4.0665775996701665,
            "e_mm": 10.749121545742483,
            "pct_err": 164.32845020870442
          },
          {
            "d_ang": 0.15,
            "e_qm": 9.149799599257873,
            "e_mm": 19.100432028935415,
            "pct_err": 108.75246306470608
          }
        ]
      },
      {
        "mode_idx": 13,
        "freq_cm1": 3145.066178768555,
        "displacements": [
          {
            "d_ang": 0.05,
            "e_qm": 1.162813298760443,
            "e_mm": 1.1483569826223174,
            "pct_err": -1.2432190235127074
          },
          {
            "d_ang": 0.1,
            "e_qm": 4.651253195041772,
            "e_mm": 4.5932481171845865,
            "pct_err": -1.2470849344219435
          },
          {
            "d_ang": 0.15,
            "e_qm": 10.465319688843982,
            "e_mm": 10.334128185651963,