{
  "metadata": {
    "backend": "OpenMM",
    "optimizer": "L-BFGS-B",
    "molecule": "CH3F",
    "timestamp": "2026-03-24T14:02:47.728755+00:00",
    "source": "q2mm",
    "optimizer_kwargs": {}
  },
  "qm_reference": {
    "frequencies_cm1": [
      1040.5813860717833,
      1191.7481438159166,
      1191.7596032972854,
      1495.2543826262465,
      1512.3024847909746,
      1512.3904361886512,
      3057.9919349402667,
      3145.0662046070593,
      3145.08792677519
    ],
    "level_of_theory": "B3LYP/6-31+G(d)"
  },
  "default_ff": {
    "frequencies_cm1": [
      104.81020620878795,
      104.81023452471926,
      110.03762032778883,
      162.95830613943798,
      165.58641112716847,
      165.5866275349547,
      346.96812534896264,
      361.5531348775375,
      361.5539037064348
    ],
    "rmsd": 1870.0985847083632,
    "mae": 1712.0353259241756,
    "param_values": [
      5.0,
      1.398635372383775,
      5.0,
      1.0940396626494566,
      0.5,
      108.43609414745065,
      0.5,
      110.48621469688054
    ]
  },
  "seminario": {
    "frequencies_cm1": [
      851.0567516242714,
      1141.6383390702576,
      1141.6384146740077,
      1658.0252500455051,
      1733.2609946918187,
      1733.2645701533659,
      2896.711501854167,
      3021.820286331289,
      3021.8265570090725
    ],
    "rmsd": 156.85783171057955,
    "mae": 144.68298446991705,
    "elapsed_s": 0.0010002509952755645,
    "param_values": [
      270.60918930118333,
      1.398635372383775,
      348.31336238406834,
      1.0940396626494566,
      59.62010839172108,
      108.43609414745065,
      54.65975104094709,
      110.48621469688054
    ]
  },
  "optimized": {
    "frequencies_cm1": [
      997.0982406663306,
      1093.937120133286,
      1093.9372006192511,
      1646.9891275103216,
      1700.7553962070056,
      1700.758747798548,
      3047.808869453931,
      3177.1256132500903,
      3177.1319707178004
    ],
    "rmsd": 114.1178131271519,
    "mae": 93.55100641645524,
    "elapsed_s": 11.594437414998538,
    "n_eval": 424,
    "converged": true,
    "initial_score": 0.2214394143205005,
    "final_score": 0.11720587745631209,
    "message": "CONVERGENCE: RELATIVE REDUCTION OF F <= FACTR*EPSMCH",
    "param_names": [
      "kb_C-F",
      "r0_C-F",
      "kb_C-H",
      "r0_C-H",
      "ka_F-C-H",
      "th0_F-C-H",
      "ka_H-C-H",
      "th0_H-C-H"
    ],
    "param_initial": [
      270.60918930118333,
      1.398635372383775,
      348.31336238406834,
      1.0940396626494566,
      59.62010839172108,
      108.43609414745065,
      54.65975104094709,
      110.48621469688054
    ],
    "param_final": [
      270.6092140933971,
      1.4471354218125851,
      348.3133931026095,
      1.1074675000906766,
      59.620168011431126,
      108.43619060347892,
      54.65873379305454,
      110.48372704627404
    ]
  },
  "pes_distortion": {
    "modes": [
      {
        "mode_idx": 6,
        "freq_cm1": 1040.5813769340564,
        "displacements": [
          {
            "d_ang": 0.05,
            "e_qm": 0.9757026106066686,
            "e_mm": 2.8261197474758033,
            "pct_err": 189.64970645293133
          },
          {
            "d_ang": 0.1,
            "e_qm": 3.9028104424266745,
            "e_mm": 8.689648740511082,
            "pct_err": 122.65105796703939
          },
          {
            "d_ang": 0.15,
            "e_qm": 8.781323495460015,
            "e_mm": 18.625629050170012,
            "pct_err": 112.1050324566627
          }
        ]
      },
      {
        "mode_idx": 7,
        "freq_cm1": 1191.7481351074805,
        "displacements": [
          {
            "d_ang": 0.05,
            "e_qm": 0.18702246320476434,
            "e_mm": 0.15800485781779505,
            "pct_err": -15.515572241821523
          },
          {
            "d_ang": 0.1,
            "e_qm": 0.7480898528190574,
            "e_mm": 0.6351481675445048,
            "pct_err": -15.097342230876395
          },
          {
            "d_ang": 0.15,
            "e_qm": 1.6832021688428787,
            "e_mm": 1.440618674202941,
            "pct_err": -14.412023649345834
          }
        ]
      },
      {
        "mode_idx": 8,
        "freq_cm1": 1191.759593455982,
        "displacements": [
          {
            "d_ang": 0.05,
            "e_qm": 0.1870142606746535,
            "e_mm": 0.15896097946444399,
            "pct_err": -15.000610706909386
          },
          {
            "d_ang": 0.1,
            "e_qm": 0.748057042698614,
            "e_mm": 0.6434805231151395,
            "pct_err": -13.97975202615765
          },
          {
            "d_ang": 0.15,
            "e_qm": 1.6831283460718816,
            "e_mm": 1.4690347352457656,
            "pct_err": -12.71998129707529
          }
        ]
      },
      {
        "mode_idx": 9,
        "freq_cm1": 1495.2543711438677,
        "displacements": [
          {
            "d_ang": 0.05,
            "e_qm": 0.2690756589081752,
            "e_mm": 0.4285881077068938,
            "pct_err": 59.281634558090545
          },
          {
            "d_ang": 0.1,
            "e_qm": 1.0763026356327008,
            "e_mm": 1.5320252619404175,
            "pct_err": 42.34149496807855
          },
          {
            "d_ang": 0.15,
            "e_qm": 2.4216809301735767,
            "e_mm": 3.38347944664394,
            "pct_err": 39.7161535397409
          }
        ]
      },
      {
        "mode_idx": 10,
        "freq_cm1": 1512.3024772927852,
        "displacements": [
          {
            "d_ang": 0.05,
            "e_qm": 0.2555131513394454,
            "e_mm": 0.32617289844390274,
            "pct_err": 27.65405488290773
          },
          {
            "d_ang": 0.1,
            "e_qm": 1.0220526053577816,
            "e_mm": 1.3065841817913182,
            "pct_err": 27.839230088742145
          },
          {
            "d_ang": 0.15,
            "e_qm": 2.299618362055009,
            "e_mm": 2.9467008746101877,
            "pct_err": 28.13869132515216
          }
        ]
      },
      {
        "mode_idx": 11,
        "freq_cm1": 1512.3904243106,
        "displacements": [
          {
            "d_ang": 0.05,
            "e_qm": 0.2555515068548282,
            "e_mm": 0.3163919632868133,
            "pct_err": 23.807512301833892
          },
          {
            "d_ang": 0.1,
            "e_qm": 1.0222060274193128,
            "e_mm": 1.2269502860564716,
            "pct_err": 20.029646973816167
          },
          {
            "d_ang": 0.15,
            "e_qm": 2.299963561693454,
            "e_mm": 2.677594452410033,
            "pct_err": 16.41899450087509
          }
        ]
      },
      {
        "mode_idx": 12,
        "freq_cm1": 3057.991909877029,
        "displacements": [
          {
            "d_ang": 0.05,
            "e_qm": 1.0166443999175416,
            "e_mm": 1.8939641285263338,
            "pct_err": 86.29563382043418
          },
          {
            "d_ang": 0.1,
            "e_qm": 4.0665775996701665,
            "e_mm": 6.284742334801131,
            "pct_err": 54.54622912669554
          },
          {
            "d_ang": 0.15,
            "e_qm": 9.149799599257873,
            "e_mm": 13.721496552654813,
            "pct_err": 49.96499544938386
          }
        ]
      },
      {
        "mode_idx": 13,
        "freq_cm1": 3145.066178768555,
        "displacements": [
          {
            "d_ang": 0.05,
            "e_qm": 1.162813298760443,
            "e_mm": 1.1896139635461493,
            "pct_err": 2.3048123730848182
          },
          {
            "d_ang": 0.1,
            "e_qm": 4.651253195041772,
            "e_mm": 4.832275485555801,
            "pct_err": 3.891903599378309
          },
          {
            "d_ang": 0.15,
            "e_qm": 10.465319688843982,
            "e_mm": 11.149400916858763,