{
  "metadata": {
    "backend": "OpenMM",
    "optimizer": "Nelder-Mead",
    "molecule": "CH3F",
    "timestamp": "2026-03-24T14:02:59.559622+00:00",
    "source": "q2mm",
    "optimizer_kwargs": {}
  },
  "qm_reference": {
    "frequencies_cm1": [
      1040.5813860717833,
      1191.7481438159166,
      1191.7596032972854,
      1495.2543826262465,
      1512.3024847909746,
      1512.3904361886512,
      3057.9919349402667,
      3145.0662046070593,
      3145.08792677519
    ],
    "level_of_theory": "B3LYP/6-31+G(d)"
  },
  "default_ff": {
    "frequencies_cm1": [
      104.81020620878795,
      104.81023452471926,
      110.03762032778883,
      162.95830613943798,
      165.58641112716847,
      165.5866275349547,
      346.96812534896264,
      361.5531348775375,
      361.5539037064348
    ],
    "rmsd": 1870.0985847083632,
    "mae": 1712.0353259241756,
    "param_values": [
      5.0,
      1.398635372383775,
      5.0,
      1.0940396626494566,
      0.5,
      108.43609414745065,
      0.5,
      110.48621469688054
    ]
  },
  "seminario": {
    "frequencies_cm1": [
      851.0567516242714,
      1141.6383390702576,
      1141.6384146740077,
      1658.0252500455051,
      1733.2609946918187,
      1733.2645701533659,
      2896.711501854167,
      3021.820286331289,
      3021.8265570090725
    ],
    "rmsd": 156.85783171057955,
    "mae": 144.68298446991705,
    "elapsed_s": 0.001008152001304552,
    "param_values": [
      270.60918930118333,
      1.398635372383775,
      348.31336238406834,
      1.0940396626494566,
      59.62010839172108,
      108.43609414745065,
      54.65975104094709,
      110.48621469688054
    ]
  },
  "optimized": {
    "frequencies_cm1": [
      1040.5812080860992,
      1191.7499674788264,
      1191.7574725225327,
      1503.7769884937295,
      1503.7797277823847,
      1512.3907805551682,
      3057.993357788766,
      3145.073787579995,
      3145.0791204263105
    ],
    "rmsd": 4.017632565660408,
    "mae": 1.8964057595834827,
    "elapsed_s": 85.10752616899845,
    "n_eval": 3111,
    "converged": true,
    "initial_score": 0.2214394143205005,
    "final_score": 0.00014527234289389533,
    "message": "Optimization terminated successfully.",
    "param_names": [
      "kb_C-F",
      "r0_C-F",
      "kb_C-H",
      "r0_C-H",
      "ka_F-C-H",
      "th0_F-C-H",
      "ka_H-C-H",
      "th0_H-C-H"
    ],
    "param_initial": [
      270.60918930118333,
      1.398635372383775,
      348.31336238406834,
      1.0940396626494566,
      59.62010839172108,
      108.43609414745065,
      54.65975104094709,
      110.48621469688054
    ],
    "param_final": [
      375.082592606412,
      1.4216551642166542,
      250.16199772508156,
      1.151090617671326,
      49.063235383289324,
      128.68877440117032,
      67.60572495355838,
      97.91081324769246
    ]
  },
  "pes_distortion": {
    "modes": [
      {
        "mode_idx": 6,
        "freq_cm1": 1040.5813769340564,
        "displacements": [
          {
            "d_ang": 0.05,
            "e_qm": 0.9757026106066686,
            "e_mm": 0.010205000008213005,
            "pct_err": -98.95408704483553
          },
          {
            "d_ang": 0.1,
            "e_qm": 3.9028104424266745,
            "e_mm": 3.59101496820071,
            "pct_err": -7.988998667127101
          },
          {
            "d_ang": 0.15,
            "e_qm": 8.781323495460015,
            "e_mm": 12.05224952306294,
            "pct_err": 37.248667917700665
          }
        ]
      },
      {
        "mode_idx": 7,
        "freq_cm1": 1191.7481351074805,
        "displacements": [
          {
            "d_ang": 0.05,
            "e_qm": 0.18702246320476434,
            "e_mm": 0.2351699272388288,
            "pct_err": 25.744214469761033
          },
          {
            "d_ang": 0.1,
            "e_qm": 0.7480898528190574,
            "e_mm": 0.9434830399320617,
            "pct_err": 26.118946323987185
          },
          {
            "d_ang": 0.15,
            "e_qm": 1.6832021688428787,
            "e_mm": 2.133168432843007,
            "pct_err": 26.73275215118448
          }
        ]
      },
      {
        "mode_idx": 8,
        "freq_cm1": 1191.759593455982,
        "displacements": [
          {
            "d_ang": 0.05,
            "e_qm": 0.1870142606746535,
            "e_mm": 0.238299665267526,
            "pct_err": 27.42325874393778
          },
          {
            "d_ang": 0.1,
            "e_qm": 0.748057042698614,
            "e_mm": 0.9588132167988519,
            "pct_err": 28.173810561282274
          },
          {
            "d_ang": 0.15,
            "e_qm": 1.6831283460718816,
            "e_mm": 2.1785123855271564,
            "pct_err": 29.43233893074239
          }
        ]
      },
      {
        "mode_idx": 9,
        "freq_cm1": 1495.2543711438677,
        "displacements": [
          {
            "d_ang": 0.05,
            "e_qm": 0.2690756589081752,
            "e_mm": -6.453111220059419,
            "pct_err": -2498.251572157855
          },
          {
            "d_ang": 0.1,
            "e_qm": 1.0763026356327008,
            "e_mm": -12.316428153445553,
            "pct_err": -1244.32760319363
          },
          {
            "d_ang": 0.15,
            "e_qm": 2.4216809301735767,
            "e_mm": -17.51845671188165,
            "pct_err": -823.400696334756
          }
        ]
      },
      {
        "mode_idx": 10,
        "freq_cm1": 1512.3024772927852,
        "displacements": [
          {
            "d_ang": 0.05,
            "e_qm": 0.2555131513394454,
            "e_mm": 0.21566170244416583,
            "pct_err": -15.596633162078428
          },
          {
            "d_ang": 0.1,
            "e_qm": 1.0220526053577816,
            "e_mm": 0.8640540035688886,
            "pct_err": -15.458950054100566
          },
          {
            "d_ang": 0.15,
            "e_qm": 2.299618362055009,
            "e_mm": 1.949260371503435,
            "pct_err": -15.235484127830818
          }
        ]
      },
      {
        "mode_idx": 11,
        "freq_cm1": 1512.3904243106,
        "displacements": [
          {
            "d_ang": 0.05,
            "e_qm": 0.2555515068548282,
            "e_mm": 0.1895416898547282,
            "pct_err": -25.83033761471748
          },
          {
            "d_ang": 0.1,
            "e_qm": 1.0222060274193128,
            "e_mm": 0.7503934159210459,
            "pct_err": -26.59078543926138
          },
          {
            "d_ang": 0.15,
            "e_qm": 2.299963561693454,
            "e_mm": 1.625964406803483,
            "pct_err": -29.3047753501672
          }
        ]
      },
      {
        "mode_idx": 12,
        "freq_cm1": 3057.991909877029,
        "displacements": [
          {
            "d_ang": 0.05,
            "e_qm": 1.0166443999175416,
            "e_mm": 4.439926818742151,
            "pct_err": 336.7236783188169
          },
          {
            "d_ang": 0.1,
            "e_qm": 4.0665775996701665,
            "e_mm": 11.293202483808486,
            "pct_err": 177.70778269974386
          },
          {
            "d_ang": 0.15,
            "e_qm": 9.149799599257873,
            "e_mm": 21.03184017025074,
            "pct_err": 129.8612110800394
          }
        ]
      },
      {
        "mode_idx": 13,
        "freq_cm1": 3145.066178768555,
        "displacements": [
          {
            "d_ang": 0.05,
            "e_qm": 1.162813298760443,
            "e_mm": 1.1570932671855445,
            "pct_err": -0.4919131541577625
          },
          {
            "d_ang": 0.1,
            "e_qm": 4.651253195041772,
            "e_mm": 4.681187939320175,
            "pct_err": 0.6435844926763747
          },
          {
            "d_ang": 0.15,
            "e_qm": 10.465319688843982,
            "e_mm": 10.730690549562219,